ToolBoxJobID,EquipToolItemID
118,1001000001
101,2001000479
113,2001000480
114,2001000481
101,3001000509
113,3001000510
114,3001000511
118,4001000539
102,4001000555
110,4001000556
111,4001000557
112,4001000558
116,4001000559
118,4001000605
101,5001001533
113,5001001534
114,5001001535
101,6001002133
113,6001002134
114,6001002135
102,7001002307
110,7001002308
111,7001002309
112,7001002310
116,7001002311
118,7001002312
105,8001002683
101,9001002767
113,9001002768
114,9001002769
101,10001003007
113,10001003008
114,10001003009
105,11001003053
118,11001003054
102,12001003141
110,12001003142
111,12001003143
112,12001003144
116,12001003145
102,13001003361
110,13001003362
111,13001003363
112,13001003364
116,13001003365
101,14001003533
113,14001003534
114,14001003535
102,16001003685
110,16001003686
111,16001003687
112,16001003688
116,16001003689
118,16001003735
102,17001003751
110,17001003752
111,17001003753
112,17001003754
116,17001003755
118,17001003756
109,18001003863
109,20001003957
105,23001004141
102,27001004297
110,27001004298
111,27001004299
112,27001004300
116,27001004301
104,28001004353
102,30001004523
110,30001004524
111,30001004525
112,30001004526
116,30001004527
118,30001004528
109,31001004755
109,34001004903
102,35001004925
110,35001004926
111,35001004927
112,35001004928
116,35001004929
105,36001004975
105,37001005003
105,39001005025
118,1002000017
102,1002000033
110,1002000034
111,1002000035
112,1002000036
116,1002000037
102,4002000621
105,4002000622
110,4002000623
111,4002000624
112,4002000625
116,4002000626
101,5002001563
113,5002001564
114,5002001565
105,6002002163
118,6002002164
102,6002002207
110,6002002208
111,6002002209
112,6002002210
116,6002002211
101,7002002373
113,7002002374
114,7002002375
105,8002002693
101,9002002797
113,9002002798
114,9002002799
102,11002003085
110,11002003086
111,11002003087
112,11002003088
116,11002003089
102,12002003191
110,12002003192
111,12002003193
112,12002003194
116,12002003195
118,12002003196
102,13002003411
110,13002003412
111,13002003413
112,13002003414
116,13002003415
118,13002003467
105,17002003823
109,18002003873
102,20002003967
110,20002003968
111,20002003969
112,20002003970
116,20002003971
105,23002004151
105,24002004187
117,26002004287
104,28002004363
109,31002004765
105,39002005035
118,1003000083
102,1003000099
110,1003000100
111,1003000101
112,1003000102
116,1003000103
102,4003000681
105,4003000682
110,4003000683
111,4003000684
112,4003000685
116,4003000686
101,5003001593
113,5003001594
114,5003001595
102,6003002257
110,6003002258
111,6003002259
112,6003002260
116,6003002261
102,7003002403
105,7003002404
110,7003002405
111,7003002406
112,7003002407
116,7003002408
105,8003002703
101,9003002827
113,9003002828
114,9003002829
105,10003003043
102,13003003483
110,13003003484
111,13003003485
112,13003003486
116,13003003487
101,17003003833
113,17003003834
114,17003003835
102,19003003907
110,19003003908
111,19003003909
112,19003003910
116,19003003911
104,20003004017
105,23003004161
117,25003004209
109,31003004775
118,1004000149
102,1004000165
110,1004000166
111,1004000167
112,1004000168
116,1004000169
102,4004000753
105,4004000754
110,4004000755
111,4004000756
112,4004000757
116,4004000758
101,5004001623
113,5004001624
114,5004001625
118,7004002463
105,8004002719
101,9004002857
113,9004002858
114,9004002859
102,12004003269
110,12004003270
111,12004003271
112,12004003272
116,12004003273
102,15004003581
110,15004003582
111,15004003583
112,15004003584
116,15004003585
105,20004004027
105,23004004171
117,25004004219
104,28004004379
109,31004004785
118,1005000215
102,1005000231
110,1005000232
111,1005000233
112,1005000234
116,1005000235
105,4005000813
118,4005000814
102,4005000839
110,4005000840
111,4005000841
112,4005000842
116,4005000843
101,5005001653
113,5005001654
114,5005001655
118,7005002485
105,8005002735
101,9005002887
113,9005002888
114,9005002889
105,15005003631
105,20005004037
117,25005004229
104,28005004389
105,39005005057
118,1006000281
102,1006000297
110,1006000298
111,1006000299
112,1006000300
116,1006000301
105,4006000889
101,5006001683
113,5006001684
114,5006001685
102,7006002501
105,7006002502
110,7006002503
111,7006002504
112,7006002505
116,7006002506
101,9006002917
113,9006002918
114,9006002919
105,15006003647
118,20006004047
118,1007000347
102,1007000363
110,1007000364
111,1007000365
112,1007000366
116,1007000367
118,4007000905
102,4007000921
105,4007000922
110,4007000923
111,4007000924
112,4007000925
116,4007000926
101,5007001713
113,5007001714
114,5007001715
118,7007002579
117,8007002751
101,9007002947
113,9007002948
114,9007002949
101,20007004063
113,20007004064
114,20007004065
104,20007004093
117,25007004245
104,28007004405
102,1008000413
110,1008000414
111,1008000415
112,1008000416
116,1008000417
102,4008000981
105,4008000982
110,4008000983
111,4008000984
112,4008000985
116,4008000986
101,5008001743
113,5008001744
114,5008001745
102,7008002601
105,7008002602
110,7008002603
111,7008002604
112,7008002605
116,7008002606
101,9008002977
113,9008002978
114,9008002979
105,15008003663
117,20008004103
117,25008004255
104,28008004415
118,1009000463
102,4009001041
105,4009001042
110,4009001043
111,4009001044
112,4009001045
116,4009001046
101,5009001773
113,5009001774
114,5009001775
109,20009004113
117,25009004265
104,28009004425
101,4010001101
105,4010001102
113,4010001103
114,4010001104
101,5010001803
113,5010001804
114,5010001805
104,28010004435
104,30010004685
101,4011001141
105,4011001142
113,4011001143
114,4011001144
101,5011001833
113,5011001834
114,5011001835
105,7011002673
101,4012001181
105,4012001182
113,4012001183
114,4012001184
101,5012001863
113,5012001864
114,5012001865
101,4013001221
105,4013001222
113,4013001223
114,4013001224
101,5013001893
113,5013001894
114,5013001895
102,4014001261
105,4014001262
110,4014001263
111,4014001264
112,4014001265
116,4014001266
101,5014001923
113,5014001924
114,5014001925
105,4015001321
118,4015001322
101,5015001953
113,5015001954
114,5015001955
117,50015005271
102,4016001347
105,4016001348
110,4016001349
111,4016001350
112,4016001351
116,4016001352
101,5016001983
113,5016001984
114,5016001985
103,50016005281
106,50016005282
107,50016005283
108,50016005284
115,50016005285
102,4017001407
110,4017001408
111,4017001409
112,4017001410
116,4017001411
118,4017001412
101,5017002013
113,5017002014
114,5017002015
102,4018001473
105,4018001474
110,4018001475
111,4018001476
112,4018001477
116,4018001478
101,5018002043
113,5018002044
114,5018002045
101,5019002073
113,5019002074
114,5019002075
101,5020002103
113,5020002104
114,5020002105
218,1001000002
201,2001000482
213,2001000483
214,2001000484
201,3001000512
213,3001000513
214,3001000514
218,4001000540
202,4001000560
210,4001000561
211,4001000562
212,4001000563
216,4001000564
218,4001000606
201,5001001536
213,5001001537
214,5001001538
201,6001002136
213,6001002137
214,6001002138
202,7001002313
210,7001002314
211,7001002315
212,7001002316
216,7001002317
218,7001002318
205,8001002684
201,9001002770
213,9001002771
214,9001002772
201,10001003010
213,10001003011
214,10001003012
205,11001003056
218,11001003057
202,12001003146
210,12001003147
211,12001003148
212,12001003149
216,12001003150
202,13001003366
210,13001003367
211,13001003368
212,13001003369
216,13001003370
201,14001003536
213,14001003537
214,14001003538
202,16001003690
210,16001003691
211,16001003692
212,16001003693
216,16001003694
218,16001003736
202,17001003758
210,17001003759
211,17001003760
212,17001003761
216,17001003762
218,17001003763
209,18001003864
209,20001003958
205,23001004142
202,27001004302
210,27001004303
211,27001004304
212,27001004305
216,27001004306
204,28001004354
202,30001004532
210,30001004533
211,30001004534
212,30001004535
216,30001004536
218,30001004537
209,31001004756
209,34001004904
202,35001004930
210,35001004931
211,35001004932
212,35001004933
216,35001004934
205,36001004976
205,37001005004
205,39001005026
218,1002000018
202,1002000038
210,1002000039
211,1002000040
212,1002000041
216,1002000042
202,4002000627
205,4002000628
210,4002000629
211,4002000630
212,4002000631
216,4002000632
201,5002001566
213,5002001567
214,5002001568
205,6002002168
218,6002002169
202,6002002212
210,6002002213
211,6002002214
212,6002002215
216,6002002216
201,7002002376
213,7002002377
214,7002002378
205,8002002694
201,9002002800
213,9002002801
214,9002002802
202,11002003091
210,11002003092
211,11002003093
212,11002003094
216,11002003095
202,12002003198
210,12002003199
211,12002003200
212,12002003201
216,12002003202
218,12002003203
202,13002003417
210,13002003418
211,13002003419
212,13002003420
216,13002003421
218,13002003468
205,17002003824
209,18002003874
202,20002003972
210,20002003973
211,20002003974
212,20002003975
216,20002003976
205,23002004152
205,24002004188
217,26002004288
204,28002004364
209,31002004766
205,39002005036
218,1003000084
202,1003000104
210,1003000105
211,1003000106
212,1003000107
216,1003000108
202,4003000689
205,4003000690
210,4003000691
211,4003000692
212,4003000693
216,4003000694
201,5003001596
213,5003001597
214,5003001598
202,6003002262
210,6003002263
211,6003002264
212,6003002265
216,6003002266
202,7003002409
205,7003002410
210,7003002411
211,7003002412
212,7003002413
216,7003002414
205,8003002705
201,9003002830
213,9003002831
214,9003002832
205,10003003044
202,13003003488
210,13003003489
211,13003003490
212,13003003491
216,13003003492
201,17003003836
213,17003003837
214,17003003838
202,19003003912
210,19003003913
211,19003003914
212,19003003915
216,19003003916
204,20003004018
205,23003004162
217,25003004210
209,31003004776
218,1004000150
202,1004000170
210,1004000171
211,1004000172
212,1004000173
216,1004000174
202,4004000759
205,4004000760
210,4004000761
211,4004000762
212,4004000763
216,4004000764
201,5004001626
213,5004001627
214,5004001628
218,7004002465
205,8004002721
201,9004002860
213,9004002861
214,9004002862
202,12004003274
210,12004003275
211,12004003276
212,12004003277
216,12004003278
202,15004003586
210,15004003587
211,15004003588
212,15004003589
216,15004003590
205,20004004028
205,23004004172
217,25004004220
204,28004004380
209,31004004786
218,1005000216
202,1005000236
210,1005000237
211,1005000238
212,1005000239
216,1005000240
205,4005000815
218,4005000816
202,4005000844
210,4005000845
211,4005000846
212,4005000847
216,4005000848
201,5005001656
213,5005001657
214,5005001658
218,7005002486
205,8005002736
201,9005002890
213,9005002891
214,9005002892
205,15005003633
205,20005004038
217,25005004230
204,28005004390
205,39005005058
218,1006000282
202,1006000302
210,1006000303
211,1006000304
212,1006000305
216,1006000306
205,4006000891
201,5006001686
213,5006001687
214,5006001688
202,7006002510
205,7006002511
210,7006002512
211,7006002513
212,7006002514
216,7006002515
201,9006002920
213,9006002921
214,9006002922
205,15006003648
218,20006004048
218,1007000348
202,1007000368
210,1007000369
211,1007000370
212,1007000371
216,1007000372
218,4007000906
202,4007000927
205,4007000928
210,4007000929
211,4007000930
212,4007000931
216,4007000932
201,5007001716
213,5007001717
214,5007001718
218,7007002581
217,8007002753
201,9007002950
213,9007002951
214,9007002952
201,20007004066
213,20007004067
214,20007004068
204,20007004094
217,25007004246
204,28007004406
202,1008000418
210,1008000419
211,1008000420
212,1008000421
216,1008000422
202,4008000987
205,4008000988
210,4008000989
211,4008000990
212,4008000991
216,4008000992
201,5008001746
213,5008001747
214,5008001748
202,7008002607
205,7008002608
210,7008002609
211,7008002610
212,7008002611
216,7008002612
201,9008002980
213,9008002981
214,9008002982
205,15008003664
217,20008004104
217,25008004256
204,28008004416
218,1009000464
202,4009001047
205,4009001048
210,4009001049
211,4009001050
212,4009001051
216,4009001052
201,5009001776
213,5009001777
214,5009001778
209,20009004114
217,25009004266
204,28009004426
201,4010001105
205,4010001106
213,4010001107
214,4010001108
201,5010001806
213,5010001807
214,5010001808
204,28010004436
204,30010004686
201,4011001145
205,4011001146
213,4011001147
214,4011001148
201,5011001836
213,5011001837
214,5011001838
205,7011002674
201,4012001185
205,4012001186
213,4012001187
214,4012001188
201,5012001866
213,5012001867
214,5012001868
201,4013001225
205,4013001226
213,4013001227
214,4013001228
201,5013001896
213,5013001897
214,5013001898
202,4014001267
205,4014001268
210,4014001269
211,4014001270
212,4014001271
216,4014001272
201,5014001926
213,5014001927
214,5014001928
205,4015001323
218,4015001324
201,5015001956
213,5015001957
214,5015001958
217,50015005272
202,4016001353
205,4016001354
210,4016001355
211,4016001356
212,4016001357
216,4016001358
201,5016001986
213,5016001987
214,5016001988
203,50016005287
206,50016005288
207,50016005289
208,50016005290
215,50016005291
202,4017001413
210,4017001414
211,4017001415
212,4017001416
216,4017001417
218,4017001418
201,5017002016
213,5017002017
214,5017002018
202,4018001479
205,4018001480
210,4018001481
211,4018001482
212,4018001483
216,4018001484
201,5018002046
213,5018002047
214,5018002048
201,5019002076
213,5019002077
214,5019002078
201,5020002106
213,5020002107
214,5020002108
318,1001000003
301,2001000485
313,2001000486
314,2001000487
301,3001000515
313,3001000516
314,3001000517
318,4001000541
302,4001000565
310,4001000566
311,4001000567
312,4001000568
316,4001000569
318,4001000607
301,5001001539
313,5001001540
314,5001001541
301,6001002139
313,6001002140
314,6001002141
302,7001002319
310,7001002320
311,7001002321
312,7001002322
316,7001002323
318,7001002324
305,8001002685
301,9001002773
313,9001002774
314,9001002775
301,10001003013
313,10001003014
314,10001003015
305,11001003058
318,11001003059
302,12001003151
310,12001003152
311,12001003153
312,12001003154
316,12001003155
302,13001003371
310,13001003372
311,13001003373
312,13001003374
316,13001003375
301,14001003539
313,14001003540
314,14001003541
302,16001003695
310,16001003696
311,16001003697
312,16001003698
316,16001003699
318,16001003737
302,17001003764
310,17001003765
311,17001003766
312,17001003767
316,17001003768
318,17001003769
309,18001003865
309,20001003959
305,23001004143
302,27001004307
310,27001004308
311,27001004309
312,27001004310
316,27001004311
304,28001004355
302,30001004538
310,30001004539
311,30001004540
312,30001004541
316,30001004542
318,30001004543
309,31001004757
309,34001004905
302,35001004935
310,35001004936
311,35001004937
312,35001004938
316,35001004939
305,36001004977
305,37001005005
305,39001005027
318,1002000019
302,1002000043
310,1002000044
311,1002000045
312,1002000046
316,1002000047
302,4002000633
305,4002000634
310,4002000635
311,4002000636
312,4002000637
316,4002000638
301,5002001569
313,5002001570
314,5002001571
305,6002002170
318,6002002171
302,6002002217
310,6002002218
311,6002002219
312,6002002220
316,6002002221
301,7002002379
313,7002002380
314,7002002381
305,8002002695
301,9002002803
313,9002002804
314,9002002805
302,11002003096
310,11002003097
311,11002003098
312,11002003099
316,11002003100
302,12002003204
310,12002003205
311,12002003206
312,12002003207
316,12002003208
318,12002003209
302,13002003422
310,13002003423
311,13002003424
312,13002003425
316,13002003426
318,13002003469
305,17002003825
309,18002003875
302,20002003977
310,20002003978
311,20002003979
312,20002003980
316,20002003981
305,23002004153
305,24002004189
317,26002004289
304,28002004365
309,31002004767
305,39002005037
318,1003000085
302,1003000109
310,1003000110
311,1003000111
312,1003000112
316,1003000113
302,4003000695
305,4003000696
310,4003000697
311,4003000698
312,4003000699
316,4003000700
301,5003001599
313,5003001600
314,5003001601
302,6003002267
310,6003002268
311,6003002269
312,6003002270
316,6003002271
302,7003002415
305,7003002416
310,7003002417
311,7003002418
312,7003002419
316,7003002420
305,8003002706
301,9003002833
313,9003002834
314,9003002835
305,10003003045
302,13003003493
310,13003003494
311,13003003495
312,13003003496
316,13003003497
301,17003003839
313,17003003840
314,17003003841
302,19003003917
310,19003003918
311,19003003919
312,19003003920
316,19003003921
304,20003004019
305,23003004163
317,25003004211
309,31003004777
318,1004000151
302,1004000175
310,1004000176
311,1004000177
312,1004000178
316,1004000179
302,4004000765
305,4004000766
310,4004000767
311,4004000768
312,4004000769
316,4004000770
301,5004001629
313,5004001630
314,5004001631
318,7004002466
305,8004002722
301,9004002863
313,9004002864
314,9004002865
302,12004003279
310,12004003280
311,12004003281
312,12004003282
316,12004003283
302,15004003591
310,15004003592
311,15004003593
312,15004003594
316,15004003595
305,20004004029
305,23004004173
317,25004004221
304,28004004381
309,31004004787
318,1005000217
302,1005000241
310,1005000242
311,1005000243
312,1005000244
316,1005000245
305,4005000817
318,4005000818
302,4005000849
310,4005000850
311,4005000851
312,4005000852
316,4005000853
301,5005001659
313,5005001660
314,5005001661
318,7005002487
305,8005002737
301,9005002893
313,9005002894
314,9005002895
305,15005003634
305,20005004039
317,25005004231
304,28005004391
305,39005005059
318,1006000283
302,1006000307
310,1006000308
311,1006000309
312,1006000310
316,1006000311
305,4006000892
301,5006001689
313,5006001690
314,5006001691
302,7006002516
305,7006002517
310,7006002518
311,7006002519
312,7006002520
316,7006002521
301,9006002923
313,9006002924
314,9006002925
305,15006003649
318,20006004049
318,1007000349
302,1007000373
310,1007000374
311,1007000375
312,1007000376
316,1007000377
318,4007000907
302,4007000933
305,4007000934
310,4007000935
311,4007000936
312,4007000937
316,4007000938
301,5007001719
313,5007001720
314,5007001721
318,7007002582
317,8007002754
301,9007002953
313,9007002954
314,9007002955
301,20007004069
313,20007004070
314,20007004071
304,20007004095
317,25007004247
304,28007004407
302,1008000423
310,1008000424
311,1008000425
312,1008000426
316,1008000427
302,4008000993
305,4008000994
310,4008000995
311,4008000996
312,4008000997
316,4008000998
301,5008001749
313,5008001750
314,5008001751
302,7008002613
305,7008002614
310,7008002615
311,7008002616
312,7008002617
316,7008002618
301,9008002983
313,9008002984
314,9008002985
305,15008003665
317,20008004105
317,25008004257
304,28008004417
318,1009000465
302,4009001053
305,4009001054
310,4009001055
311,4009001056
312,4009001057
316,4009001058
301,5009001779
313,5009001780
314,5009001781
309,20009004115
317,25009004267
304,28009004427
301,4010001109
305,4010001110
313,4010001111
314,4010001112
301,5010001809
313,5010001810
314,5010001811
304,28010004437
304,30010004687
301,4011001149
305,4011001150
313,4011001151
314,4011001152
301,5011001839
313,5011001840
314,5011001841
305,7011002675
301,4012001189
305,4012001190
313,4012001191
314,4012001192
301,5012001869
313,5012001870
314,5012001871
301,4013001229
305,4013001230
313,4013001231
314,4013001232
301,5013001899
313,5013001900
314,5013001901
302,4014001273
305,4014001274
310,4014001275
311,4014001276
312,4014001277
316,4014001278
301,5014001929
313,5014001930
314,5014001931
305,4015001325
318,4015001326
301,5015001959
313,5015001960
314,5015001961
317,50015005273
302,4016001359
305,4016001360
310,4016001361
311,4016001362
312,4016001363
316,4016001364
301,5016001989
313,5016001990
314,5016001991
303,50016005292
306,50016005293
307,50016005294
308,50016005295
315,50016005296
302,4017001419
310,4017001420
311,4017001421
312,4017001422
316,4017001423
318,4017001424
301,5017002019
313,5017002020
314,5017002021
302,4018001485
305,4018001486
310,4018001487
311,4018001488
312,4018001489
316,4018001490
301,5018002049
313,5018002050
314,5018002051
301,5019002079
313,5019002080
314,5019002081
301,5020002109
313,5020002110
314,5020002111
418,1001000004
401,2001000488
413,2001000489
414,2001000490
401,3001000518
413,3001000519
414,3001000520
418,4001000542
402,4001000570
410,4001000571
411,4001000572
412,4001000573
416,4001000574
418,4001000608
401,5001001542
413,5001001543
414,5001001544
401,6001002142
413,6001002143
414,6001002144
402,7001002325
410,7001002326
411,7001002327
412,7001002328
416,7001002329
418,7001002330
405,8001002686
401,9001002776
413,9001002777
414,9001002778
401,10001003016
413,10001003017
414,10001003018
405,11001003060
418,11001003061
402,12001003156
410,12001003157
411,12001003158
412,12001003159
416,12001003160
402,13001003376
410,13001003377
411,13001003378
412,13001003379
416,13001003380
401,14001003542
413,14001003543
414,14001003544
402,16001003700
410,16001003701
411,16001003702
412,16001003703
416,16001003704
418,16001003738
402,17001003770
410,17001003771
411,17001003772
412,17001003773
416,17001003774
418,17001003775
409,18001003866
409,20001003960
405,23001004144
402,27001004312
410,27001004313
411,27001004314
412,27001004315
416,27001004316
404,28001004356
402,30001004544
410,30001004545
411,30001004546
412,30001004547
416,30001004548
418,30001004549
409,31001004758
409,34001004906
402,35001004940
410,35001004941
411,35001004942
412,35001004943
416,35001004944
405,36001004978
405,37001005006
405,39001005028
418,1002000020
402,1002000048
410,1002000049
411,1002000050
412,1002000051
416,1002000052
402,4002000639
405,4002000640
410,4002000641
411,4002000642
412,4002000643
416,4002000644
401,5002001572
413,5002001573
414,5002001574
405,6002002172
418,6002002173
402,6002002222
410,6002002223
411,6002002224
412,6002002225
416,6002002226
401,7002002382
413,7002002383
414,7002002384
405,8002002696
401,9002002806
413,9002002807
414,9002002808
402,11002003101
410,11002003102
411,11002003103
412,11002003104
416,11002003105
402,12002003210
410,12002003211
411,12002003212
412,12002003213
416,12002003214
418,12002003215
402,13002003427
410,13002003428
411,13002003429
412,13002003430
416,13002003431
418,13002003470
405,17002003826
409,18002003876
402,20002003982
410,20002003983
411,20002003984
412,20002003985
416,20002003986
405,23002004154
405,24002004190
417,26002004290
404,28002004366
409,31002004768
405,39002005038
418,1003000086
402,1003000114
410,1003000115
411,1003000116
412,1003000117
416,1003000118
402,4003000701
405,4003000702
410,4003000703
411,4003000704
412,4003000705
416,4003000706
401,5003001602
413,5003001603
414,5003001604
402,6003002272
410,6003002273
411,6003002274
412,6003002275
416,6003002276
402,7003002421
405,7003002422
410,7003002423
411,7003002424
412,7003002425
416,7003002426
405,8003002707
401,9003002836
413,9003002837
414,9003002838
405,10003003046
402,13003003498
410,13003003499
411,13003003500
412,13003003501
416,13003003502
401,17003003842
413,17003003843
414,17003003844
402,19003003922
410,19003003923
411,19003003924
412,19003003925
416,19003003926
404,20003004020
405,23003004164
417,25003004212
409,31003004778
418,1004000152
402,1004000180
410,1004000181
411,1004000182
412,1004000183
416,1004000184
402,4004000771
405,4004000772
410,4004000773
411,4004000774
412,4004000775
416,4004000776
401,5004001632
413,5004001633
414,5004001634
418,7004002467
405,8004002723
401,9004002866
413,9004002867
414,9004002868
402,12004003284
410,12004003285
411,12004003286
412,12004003287
416,12004003288
402,15004003596
410,15004003597
411,15004003598
412,15004003599
416,15004003600
405,20004004030
405,23004004174
417,25004004222
404,28004004382
409,31004004788
418,1005000218
402,1005000246
410,1005000247
411,1005000248
412,1005000249
416,1005000250
405,4005000819
418,4005000820
402,4005000854
410,4005000855
411,4005000856
412,4005000857
416,4005000858
401,5005001662
413,5005001663
414,5005001664
418,7005002488
405,8005002738
401,9005002896
413,9005002897
414,9005002898
405,15005003635
405,20005004040
417,25005004232
404,28005004392
405,39005005060
418,1006000284
402,1006000312
410,1006000313
411,1006000314
412,1006000315
416,1006000316
405,4006000893
401,5006001692
413,5006001693
414,5006001694
402,7006002522
405,7006002523
410,7006002524
411,7006002525
412,7006002526
416,7006002527
401,9006002926
413,9006002927
414,9006002928
405,15006003650
418,20006004050
418,1007000350
402,1007000378
410,1007000379
411,1007000380
412,1007000381
416,1007000382
418,4007000908
402,4007000939
405,4007000940
410,4007000941
411,4007000942
412,4007000943
416,4007000944
401,5007001722
413,5007001723
414,5007001724
418,7007002583
417,8007002755
401,9007002956
413,9007002957
414,9007002958
401,20007004072
413,20007004073
414,20007004074
404,20007004096
417,25007004248
404,28007004408
402,1008000428
410,1008000429
411,1008000430
412,1008000431
416,1008000432
402,4008000999
405,4008001000
410,4008001001
411,4008001002
412,4008001003
416,4008001004
401,5008001752
413,5008001753
414,5008001754
402,7008002619
405,7008002620
410,7008002621
411,7008002622
412,7008002623
416,7008002624
401,9008002986
413,9008002987
414,9008002988
405,15008003666
417,20008004106
417,25008004258
404,28008004418
418,1009000466
402,4009001059
405,4009001060
410,4009001061
411,4009001062
412,4009001063
416,4009001064
401,5009001782
413,5009001783
414,5009001784
409,20009004116
417,25009004268
404,28009004428
401,4010001113
405,4010001114
413,4010001115
414,4010001116
401,5010001812
413,5010001813
414,5010001814
404,28010004438
404,30010004688
401,4011001153
405,4011001154
413,4011001155
414,4011001156
401,5011001842
413,5011001843
414,5011001844
405,7011002676
401,4012001193
405,4012001194
413,4012001195
414,4012001196
401,5012001872
413,5012001873
414,5012001874
401,4013001233
405,4013001234
413,4013001235
414,4013001236
401,5013001902
413,5013001903
414,5013001904
402,4014001279
405,4014001280
410,4014001281
411,4014001282
412,4014001283
416,4014001284
401,5014001932
413,5014001933
414,5014001934
405,4015001327
418,4015001328
401,5015001962
413,5015001963
414,5015001964
417,50015005274
402,4016001365
405,4016001366
410,4016001367
411,4016001368
412,4016001369
416,4016001370
401,5016001992
413,5016001993
414,5016001994
403,50016005297
406,50016005298
407,50016005299
408,50016005300
415,50016005301
402,4017001425
410,4017001426
411,4017001427
412,4017001428
416,4017001429
418,4017001430
401,5017002022
413,5017002023
414,5017002024
402,4018001491
405,4018001492
410,4018001493
411,4018001494
412,4018001495
416,4018001496
401,5018002052
413,5018002053
414,5018002054
401,5019002082
413,5019002083
414,5019002084
401,5020002112
413,5020002113
414,5020002114
518,1001000005
501,2001000491
513,2001000492
514,2001000493
501,3001000521
513,3001000522
514,3001000523
518,4001000543
502,4001000575
510,4001000576
511,4001000577
512,4001000578
516,4001000579
518,4001000609
501,5001001545
513,5001001546
514,5001001547
501,6001002145
513,6001002146
514,6001002147
502,7001002331
510,7001002332
511,7001002333
512,7001002334
516,7001002335
518,7001002336
505,8001002687
501,9001002779
513,9001002780
514,9001002781
501,10001003019
513,10001003020
514,10001003021
505,11001003062
518,11001003063
502,12001003161
510,12001003162
511,12001003163
512,12001003164
516,12001003165
502,13001003381
510,13001003382
511,13001003383
512,13001003384
516,13001003385
501,14001003545
513,14001003546
514,14001003547
502,16001003705
510,16001003706
511,16001003707
512,16001003708
516,16001003709
518,16001003739
502,17001003776
510,17001003777
511,17001003778
512,17001003779
516,17001003780
518,17001003781
509,18001003867
509,20001003961
505,23001004145
502,27001004317
510,27001004318
511,27001004319
512,27001004320
516,27001004321
504,28001004357
502,30001004550
510,30001004551
511,30001004552
512,30001004553
516,30001004554
518,30001004555
509,31001004759
509,34001004907
502,35001004945
510,35001004946
511,35001004947
512,35001004948
516,35001004949
505,36001004979
505,37001005007
505,39001005029
518,1002000021
502,1002000053
510,1002000054
511,1002000055
512,1002000056
516,1002000057
502,4002000645
505,4002000646
510,4002000647
511,4002000648
512,4002000649
516,4002000650
501,5002001575
513,5002001576
514,5002001577
505,6002002174
518,6002002175
502,6002002227
510,6002002228
511,6002002229
512,6002002230
516,6002002231
501,7002002385
513,7002002386
514,7002002387
505,8002002697
501,9002002809
513,9002002810
514,9002002811
502,11002003106
510,11002003107
511,11002003108
512,11002003109
516,11002003110
502,12002003216
510,12002003217
511,12002003218
512,12002003219
516,12002003220
518,12002003221
502,13002003432
510,13002003433
511,13002003434
512,13002003435
516,13002003436
518,13002003471
505,17002003827
509,18002003877
502,20002003987
510,20002003988
511,20002003989
512,20002003990
516,20002003991
505,23002004155
505,24002004191
517,26002004291
504,28002004367
509,31002004769
505,39002005039
518,1003000087
502,1003000119
510,1003000120
511,1003000121
512,1003000122
516,1003000123
502,4003000707
505,4003000708
510,4003000709
511,4003000710
512,4003000711
516,4003000712
501,5003001605
513,5003001606
514,5003001607
502,6003002277
510,6003002278
511,6003002279
512,6003002280
516,6003002281
502,7003002427
505,7003002428
510,7003002429
511,7003002430
512,7003002431
516,7003002432
505,8003002708
501,9003002839
513,9003002840
514,9003002841
505,10003003047
502,13003003503
510,13003003504
511,13003003505
512,13003003506
516,13003003507
501,17003003845
513,17003003846
514,17003003847
502,19003003927
510,19003003928
511,19003003929
512,19003003930
516,19003003931
504,20003004021
505,23003004165
517,25003004213
509,31003004779
518,1004000153
502,1004000185
510,1004000186
511,1004000187
512,1004000188
516,1004000189
502,4004000777
505,4004000778
510,4004000779
511,4004000780
512,4004000781
516,4004000782
501,5004001635
513,5004001636
514,5004001637
518,7004002468
505,8004002724
501,9004002869
513,9004002870
514,9004002871
502,12004003289
510,12004003290
511,12004003291
512,12004003292
516,12004003293
502,15004003601
510,15004003602
511,15004003603
512,15004003604
516,15004003605
505,20004004031
505,23004004175
517,25004004223
504,28004004383
509,31004004789
518,1005000219
502,1005000251
510,1005000252
511,1005000253
512,1005000254
516,1005000255
505,4005000821
518,4005000822
502,4005000859
510,4005000860
511,4005000861
512,4005000862
516,4005000863
501,5005001665
513,5005001666
514,5005001667
518,7005002489
505,8005002739
501,9005002899
513,9005002900
514,9005002901
505,15005003636
505,20005004041
517,25005004233
504,28005004393
505,39005005061
518,1006000285
502,1006000317
510,1006000318
511,1006000319
512,1006000320
516,1006000321
505,4006000894
501,5006001695
513,5006001696
514,5006001697
502,7006002528
505,7006002529
510,7006002530
511,7006002531
512,7006002532
516,7006002533
501,9006002929
513,9006002930
514,9006002931
505,15006003651
518,20006004051
518,1007000351
502,1007000383
510,1007000384
511,1007000385
512,1007000386
516,1007000387
518,4007000909
502,4007000945
505,4007000946
510,4007000947
511,4007000948
512,4007000949
516,4007000950
501,5007001725
513,5007001726
514,5007001727
518,7007002584
517,8007002756
501,9007002959
513,9007002960
514,9007002961
501,20007004075
513,20007004076
514,20007004077
504,20007004097
517,25007004249
504,28007004409
502,1008000433
510,1008000434
511,1008000435
512,1008000436
516,1008000437
502,4008001005
505,4008001006
510,4008001007
511,4008001008
512,4008001009
516,4008001010
501,5008001755
513,5008001756
514,5008001757
502,7008002625
505,7008002626
510,7008002627
511,7008002628
512,7008002629
516,7008002630
501,9008002989
513,9008002990
514,9008002991
505,15008003667
517,20008004107
517,25008004259
504,28008004419
518,1009000467
502,4009001065
505,4009001066
510,4009001067
511,4009001068
512,4009001069
516,4009001070
501,5009001785
513,5009001786
514,5009001787
509,20009004117
517,25009004269
504,28009004429
501,4010001117
505,4010001118
513,4010001119
514,4010001120
501,5010001815
513,5010001816
514,5010001817
504,28010004439
504,30010004689
501,4011001157
505,4011001158
513,4011001159
514,4011001160
501,5011001845
513,5011001846
514,5011001847
505,7011002677
501,4012001197
505,4012001198
513,4012001199
514,4012001200
501,5012001875
513,5012001876
514,5012001877
501,4013001237
505,4013001238
513,4013001239
514,4013001240
501,5013001905
513,5013001906
514,5013001907
502,4014001285
505,4014001286
510,4014001287
511,4014001288
512,4014001289
516,4014001290
501,5014001935
513,5014001936
514,5014001937
505,4015001329
518,4015001330
501,5015001965
513,5015001966
514,5015001967
517,50015005275
502,4016001371
505,4016001372
510,4016001373
511,4016001374
512,4016001375
516,4016001376
501,5016001995
513,5016001996
514,5016001997
503,50016005302
506,50016005303
507,50016005304
508,50016005305
515,50016005306
502,4017001431
510,4017001432
511,4017001433
512,4017001434
516,4017001435
518,4017001436
501,5017002025
513,5017002026
514,5017002027
502,4018001497
505,4018001498
510,4018001499
511,4018001500
512,4018001501
516,4018001502
501,5018002055
513,5018002056
514,5018002057
501,5019002085
513,5019002086
514,5019002087
501,5020002115
513,5020002116
514,5020002117
618,1001000006
601,2001000494
613,2001000495
614,2001000496
601,3001000524
613,3001000525
614,3001000526
618,4001000544
602,4001000580
610,4001000581
611,4001000582
612,4001000583
616,4001000584
618,4001000610
601,5001001548
613,5001001549
614,5001001550
601,6001002148
613,6001002149
614,6001002150
602,7001002337
610,7001002338
611,7001002339
612,7001002340
616,7001002341
618,7001002342
605,8001002688
601,9001002782
613,9001002783
614,9001002784
601,10001003022
613,10001003023
614,10001003024
605,11001003064
618,11001003065
602,12001003166
610,12001003167
611,12001003168
612,12001003169
616,12001003170
602,13001003386
610,13001003387
611,13001003388
612,13001003389
616,13001003390
601,14001003548
613,14001003549
614,14001003550
602,16001003710
610,16001003711
611,16001003712
612,16001003713
616,16001003714
618,16001003740
602,17001003782
610,17001003783
611,17001003784
612,17001003785
616,17001003786
618,17001003787
609,18001003868
609,20001003962
605,23001004146
602,27001004322
610,27001004323
611,27001004324
612,27001004325
616,27001004326
604,28001004358
602,30001004556
610,30001004557
611,30001004558
612,30001004559
616,30001004560
618,30001004561
609,31001004760
609,34001004908
602,35001004950
610,35001004951
611,35001004952
612,35001004953
616,35001004954
605,36001004980
605,37001005008
605,39001005030
618,1002000022
602,1002000058
610,1002000059
611,1002000060
612,1002000061
616,1002000062
602,4002000651
605,4002000652
610,4002000653
611,4002000654
612,4002000655
616,4002000656
601,5002001578
613,5002001579
614,5002001580
605,6002002176
618,6002002177
602,6002002232
610,6002002233
611,6002002234
612,6002002235
616,6002002236
601,7002002388
613,7002002389
614,7002002390
605,8002002698
601,9002002812
613,9002002813
614,9002002814
602,11002003111
610,11002003112
611,11002003113
612,11002003114
616,11002003115
602,12002003222
610,12002003223
611,12002003224
612,12002003225
616,12002003226
618,12002003227
602,13002003437
610,13002003438
611,13002003439
612,13002003440
616,13002003441
618,13002003472
605,17002003828
609,18002003878
602,20002003992
610,20002003993
611,20002003994
612,20002003995
616,20002003996
605,23002004156
605,24002004192
617,26002004292
604,28002004368
609,31002004770
605,39002005040
618,1003000088
602,1003000124
610,1003000125
611,1003000126
612,1003000127
616,1003000128
602,4003000713
605,4003000714
610,4003000715
611,4003000716
612,4003000717
616,4003000718
601,5003001608
613,5003001609
614,5003001610
602,6003002282
610,6003002283
611,6003002284
612,6003002285
616,6003002286
602,7003002433
605,7003002434
610,7003002435
611,7003002436
612,7003002437
616,7003002438
605,8003002709
601,9003002842
613,9003002843
614,9003002844
605,10003003048
602,13003003508
610,13003003509
611,13003003510
612,13003003511
616,13003003512
601,17003003848
613,17003003849
614,17003003850
602,19003003932
610,19003003933
611,19003003934
612,19003003935
616,19003003936
604,20003004022
605,23003004166
617,25003004214
609,31003004780
618,1004000154
602,1004000190
610,1004000191
611,1004000192
612,1004000193
616,1004000194
602,4004000783
605,4004000784
610,4004000785
611,4004000786
612,4004000787
616,4004000788
601,5004001638
613,5004001639
614,5004001640
618,7004002469
605,8004002725
601,9004002872
613,9004002873
614,9004002874
602,12004003294
610,12004003295
611,12004003296
612,12004003297
616,12004003298
602,15004003606
610,15004003607
611,15004003608
612,15004003609
616,15004003610
605,20004004032
605,23004004176
617,25004004224
604,28004004384
609,31004004790
618,1005000220
602,1005000256
610,1005000257
611,1005000258
612,1005000259
616,1005000260
605,4005000823
618,4005000824
602,4005000864
610,4005000865
611,4005000866
612,4005000867
616,4005000868
601,5005001668
613,5005001669
614,5005001670
618,7005002490
605,8005002740
601,9005002902
613,9005002903
614,9005002904
605,15005003637
605,20005004042
617,25005004234
604,28005004394
605,39005005062
618,1006000286
602,1006000322
610,1006000323
611,1006000324
612,1006000325
616,1006000326
605,4006000895
601,5006001698
613,5006001699
614,5006001700
602,7006002534
605,7006002535
610,7006002536
611,7006002537
612,7006002538
616,7006002539
601,9006002932
613,9006002933
614,9006002934
605,15006003652
618,20006004052
618,1007000352
602,1007000388
610,1007000389
611,1007000390
612,1007000391
616,1007000392
618,4007000910
602,4007000951
605,4007000952
610,4007000953
611,4007000954
612,4007000955
616,4007000956
601,5007001728
613,5007001729
614,5007001730
618,7007002585
617,8007002757
601,9007002962
613,9007002963
614,9007002964
601,20007004078
613,20007004079
614,20007004080
604,20007004098
617,25007004250
604,28007004410
602,1008000438
610,1008000439
611,1008000440
612,1008000441
616,1008000442
602,4008001011
605,4008001012
610,4008001013
611,4008001014
612,4008001015
616,4008001016
601,5008001758
613,5008001759
614,5008001760
602,7008002631
605,7008002632
610,7008002633
611,7008002634
612,7008002635
616,7008002636
601,9008002992
613,9008002993
614,9008002994
605,15008003668
617,20008004108
617,25008004260
604,28008004420
618,1009000468
602,4009001071
605,4009001072
610,4009001073
611,4009001074
612,4009001075
616,4009001076
601,5009001788
613,5009001789
614,5009001790
609,20009004118
617,25009004270
604,28009004430
601,4010001121
605,4010001122
613,4010001123
614,4010001124
601,5010001818
613,5010001819
614,5010001820
604,28010004440
604,30010004690
601,4011001161
605,4011001162
613,4011001163
614,4011001164
601,5011001848
613,5011001849
614,5011001850
605,7011002678
601,4012001201
605,4012001202
613,4012001203
614,4012001204
601,5012001878
613,5012001879
614,5012001880
601,4013001241
605,4013001242
613,4013001243
614,4013001244
601,5013001908
613,5013001909
614,5013001910
602,4014001291
605,4014001292
610,4014001293
611,4014001294
612,4014001295
616,4014001296
601,5014001938
613,5014001939
614,5014001940
605,4015001331
618,4015001332
601,5015001968
613,5015001969
614,5015001970
617,50015005276
602,4016001377
605,4016001378
610,4016001379
611,4016001380
612,4016001381
616,4016001382
601,5016001998
613,5016001999
614,5016002000
603,50016005307
606,50016005308
607,50016005309
608,50016005310
615,50016005311
602,4017001437
610,4017001438
611,4017001439
612,4017001440
616,4017001441
618,4017001442
601,5017002028
613,5017002029
614,5017002030
602,4018001503
605,4018001504
610,4018001505
611,4018001506
612,4018001507
616,4018001508
601,5018002058
613,5018002059
614,5018002060
601,5019002088
613,5019002089
614,5019002090
601,5020002118
613,5020002119
614,5020002120
718,1001000007
701,2001000497
713,2001000498
714,2001000499
701,3001000527
713,3001000528
714,3001000529
718,4001000545
702,4001000585
710,4001000586
711,4001000587
712,4001000588
716,4001000589
718,4001000611
701,5001001551
713,5001001552
714,5001001553
701,6001002151
713,6001002152
714,6001002153
702,7001002343
710,7001002344
711,7001002345
712,7001002346
716,7001002347
718,7001002348
705,8001002689
701,9001002785
713,9001002786
714,9001002787
701,10001003025
713,10001003026
714,10001003027
705,11001003066
718,11001003067
702,12001003171
710,12001003172
711,12001003173
712,12001003174
716,12001003175
702,13001003391
710,13001003392
711,13001003393
712,13001003394
716,13001003395
701,14001003551
713,14001003552
714,14001003553
702,16001003715
710,16001003716
711,16001003717
712,16001003718
716,16001003719
718,16001003741
702,17001003788
710,17001003789
711,17001003790
712,17001003791
716,17001003792
718,17001003793
709,18001003869
709,20001003963
705,23001004147
702,27001004327
710,27001004328
711,27001004329
712,27001004330
716,27001004331
704,28001004359
702,30001004562
710,30001004563
711,30001004564
712,30001004565
716,30001004566
718,30001004567
709,31001004761
709,34001004909
702,35001004955
710,35001004956
711,35001004957
712,35001004958
716,35001004959
705,36001004981
705,37001005009
705,39001005031
718,1002000023
702,1002000063
710,1002000064
711,1002000065
712,1002000066
716,1002000067
702,4002000657
705,4002000658
710,4002000659
711,4002000660
712,4002000661
716,4002000662
701,5002001581
713,5002001582
714,5002001583
705,6002002178
718,6002002179
702,6002002237
710,6002002238
711,6002002239
712,6002002240
716,6002002241
701,7002002391
713,7002002392
714,7002002393
705,8002002699
701,9002002815
713,9002002816
714,9002002817
702,11002003116
710,11002003117
711,11002003118
712,11002003119
716,11002003120
702,12002003228
710,12002003229
711,12002003230
712,12002003231
716,12002003232
718,12002003233
702,13002003442
710,13002003443
711,13002003444
712,13002003445
716,13002003446
718,13002003473
705,17002003829
709,18002003879
702,20002003997
710,20002003998
711,20002003999
712,20002004000
716,20002004001
705,23002004157
705,24002004193
717,26002004293
704,28002004369
709,31002004771
705,39002005041
718,1003000089
702,1003000129
710,1003000130
711,1003000131
712,1003000132
716,1003000133
702,4003000719
705,4003000720
710,4003000721
711,4003000722
712,4003000723
716,4003000724
701,5003001611
713,5003001612
714,5003001613
702,6003002287
710,6003002288
711,6003002289
712,6003002290
716,6003002291
702,7003002439
705,7003002440
710,7003002441
711,7003002442
712,7003002443
716,7003002444
705,8003002710
701,9003002845
713,9003002846
714,9003002847
705,10003003049
702,13003003513
710,13003003514
711,13003003515
712,13003003516
716,13003003517
701,17003003851
713,17003003852
714,17003003853
702,19003003937
710,19003003938
711,19003003939
712,19003003940
716,19003003941
704,20003004023
705,23003004167
717,25003004215
709,31003004781
718,1004000155
702,1004000195
710,1004000196
711,1004000197
712,1004000198
716,1004000199
702,4004000789
705,4004000790
710,4004000791
711,4004000792
712,4004000793
716,4004000794
701,5004001641
713,5004001642
714,5004001643
718,7004002470
705,8004002726
701,9004002875
713,9004002876
714,9004002877
702,12004003299
710,12004003300
711,12004003301
712,12004003302
716,12004003303
702,15004003611
710,15004003612
711,15004003613
712,15004003614
716,15004003615
705,20004004033
705,23004004177
717,25004004225
704,28004004385
709,31004004791
718,1005000221
702,1005000261
710,1005000262
711,1005000263
712,1005000264
716,1005000265
705,4005000825
718,4005000826
702,4005000869
710,4005000870
711,4005000871
712,4005000872
716,4005000873
701,5005001671
713,5005001672
714,5005001673
718,7005002491
705,8005002741
701,9005002905
713,9005002906
714,9005002907
705,15005003638
705,20005004043
717,25005004235
704,28005004395
705,39005005063
718,1006000287
702,1006000327
710,1006000328
711,1006000329
712,1006000330
716,1006000331
705,4006000896
701,5006001701
713,5006001702
714,5006001703
702,7006002540
705,7006002541
710,7006002542
711,7006002543
712,7006002544
716,7006002545
701,9006002935
713,9006002936
714,9006002937
705,15006003653
718,20006004053
718,1007000353
702,1007000393
710,1007000394
711,1007000395
712,1007000396
716,1007000397
718,4007000911
702,4007000957
705,4007000958
710,4007000959
711,4007000960
712,4007000961
716,4007000962
701,5007001731
713,5007001732
714,5007001733
718,7007002586
717,8007002758
701,9007002965
713,9007002966
714,9007002967
701,20007004081
713,20007004082
714,20007004083
704,20007004099
717,25007004251
704,28007004411
702,1008000443
710,1008000444
711,1008000445
712,1008000446
716,1008000447
702,4008001017
705,4008001018
710,4008001019
711,4008001020
712,4008001021
716,4008001022
701,5008001761
713,5008001762
714,5008001763
702,7008002637
705,7008002638
710,7008002639
711,7008002640
712,7008002641
716,7008002642
701,9008002995
713,9008002996
714,9008002997
705,15008003669
717,20008004109
717,25008004261
704,28008004421
718,1009000469
702,4009001077
705,4009001078
710,4009001079
711,4009001080
712,4009001081
716,4009001082
701,5009001791
713,5009001792
714,5009001793
709,20009004119
717,25009004271
704,28009004431
701,4010001125
705,4010001126
713,4010001127
714,4010001128
701,5010001821
713,5010001822
714,5010001823
704,28010004441
704,30010004691
701,4011001165
705,4011001166
713,4011001167
714,4011001168
701,5011001851
713,5011001852
714,5011001853
705,7011002679
701,4012001205
705,4012001206
713,4012001207
714,4012001208
701,5012001881
713,5012001882
714,5012001883
701,4013001245
705,4013001246
713,4013001247
714,4013001248
701,5013001911
713,5013001912
714,5013001913
702,4014001297
705,4014001298
710,4014001299
711,4014001300
712,4014001301
716,4014001302
701,5014001941
713,5014001942
714,5014001943
705,4015001333
718,4015001334
701,5015001971
713,5015001972
714,5015001973
717,50015005277
702,4016001383
705,4016001384
710,4016001385
711,4016001386
712,4016001387
716,4016001388
701,5016002001
713,5016002002
714,5016002003
703,50016005312
706,50016005313
707,50016005314
708,50016005315
715,50016005316
702,4017001443
710,4017001444
711,4017001445
712,4017001446
716,4017001447
718,4017001448
701,5017002031
713,5017002032
714,5017002033
702,4018001509
705,4018001510
710,4018001511
711,4018001512
712,4018001513
716,4018001514
701,5018002061
713,5018002062
714,5018002063
701,5019002091
713,5019002092
714,5019002093
701,5020002121
713,5020002122
714,5020002123
818,1001000008
801,2001000500
813,2001000501
814,2001000502
801,3001000530
813,3001000531
814,3001000532
818,4001000546
802,4001000590
810,4001000591
811,4001000592
812,4001000593
816,4001000594
818,4001000612
801,5001001554
813,5001001555
814,5001001556
801,6001002154
813,6001002155
814,6001002156
802,7001002349
810,7001002350
811,7001002351
812,7001002352
816,7001002353
818,7001002354
805,8001002690
801,9001002788
813,9001002789
814,9001002790
801,10001003028
813,10001003029
814,10001003030
805,11001003068
818,11001003069
802,12001003176
810,12001003177
811,12001003178
812,12001003179
816,12001003180
802,13001003396
810,13001003397
811,13001003398
812,13001003399
816,13001003400
801,14001003554
813,14001003555
814,14001003556
802,16001003720
810,16001003721
811,16001003722
812,16001003723
816,16001003724
818,16001003742
802,17001003794
810,17001003795
811,17001003796
812,17001003797
816,17001003798
818,17001003799
809,18001003870
809,20001003964
805,23001004148
802,27001004332
810,27001004333
811,27001004334
812,27001004335
816,27001004336
804,28001004360
802,30001004568
810,30001004569
811,30001004570
812,30001004571
816,30001004572
818,30001004573
809,31001004762
809,34001004910
802,35001004960
810,35001004961
811,35001004962
812,35001004963
816,35001004964
805,36001004982
805,37001005010
805,39001005032
818,1002000024
802,1002000068
810,1002000069
811,1002000070
812,1002000071
816,1002000072
802,4002000663
805,4002000664
810,4002000665
811,4002000666
812,4002000667
816,4002000668
801,5002001584
813,5002001585
814,5002001586
805,6002002180
818,6002002181
802,6002002242
810,6002002243
811,6002002244
812,6002002245
816,6002002246
801,7002002394
813,7002002395
814,7002002396
805,8002002700
801,9002002818
813,9002002819
814,9002002820
802,11002003121
810,11002003122
811,11002003123
812,11002003124
816,11002003125
802,12002003234
810,12002003235
811,12002003236
812,12002003237
816,12002003238
818,12002003239
802,13002003447
810,13002003448
811,13002003449
812,13002003450
816,13002003451
818,13002003474
805,17002003830
809,18002003880
802,20002004002
810,20002004003
811,20002004004
812,20002004005
816,20002004006
805,23002004158
805,24002004194
817,26002004294
804,28002004370
809,31002004772
805,39002005042
818,1003000090
802,1003000134
810,1003000135
811,1003000136
812,1003000137
816,1003000138
802,4003000725
805,4003000726
810,4003000727
811,4003000728
812,4003000729
816,4003000730
801,5003001614
813,5003001615
814,5003001616
802,6003002292
810,6003002293
811,6003002294
812,6003002295
816,6003002296
802,7003002445
805,7003002446
810,7003002447
811,7003002448
812,7003002449
816,7003002450
805,8003002711
801,9003002848
813,9003002849
814,9003002850
805,10003003050
802,13003003518
810,13003003519
811,13003003520
812,13003003521
816,13003003522
801,17003003854
813,17003003855
814,17003003856
802,19003003942
810,19003003943
811,19003003944
812,19003003945
816,19003003946
804,20003004024
805,23003004168
817,25003004216
809,31003004782
818,1004000156
802,1004000200
810,1004000201
811,1004000202
812,1004000203
816,1004000204
802,4004000795
805,4004000796
810,4004000797
811,4004000798
812,4004000799
816,4004000800
801,5004001644
813,5004001645
814,5004001646
818,7004002471
805,8004002727
801,9004002878
813,9004002879
814,9004002880
802,12004003304
810,12004003305
811,12004003306
812,12004003307
816,12004003308
802,15004003616
810,15004003617
811,15004003618
812,15004003619
816,15004003620
805,20004004034
805,23004004178
817,25004004226
804,28004004386
809,31004004792
818,1005000222
802,1005000266
810,1005000267
811,1005000268
812,1005000269
816,1005000270
805,4005000827
818,4005000828
802,4005000874
810,4005000875
811,4005000876
812,4005000877
816,4005000878
801,5005001674
813,5005001675
814,5005001676
818,7005002492
805,8005002742
801,9005002908
813,9005002909
814,9005002910
805,15005003639
805,20005004044
817,25005004236
804,28005004396
805,39005005064
818,1006000288
802,1006000332
810,1006000333
811,1006000334
812,1006000335
816,1006000336
805,4006000897
801,5006001704
813,5006001705
814,5006001706
802,7006002546
805,7006002547
810,7006002548
811,7006002549
812,7006002550
816,7006002551
801,9006002938
813,9006002939
814,9006002940
805,15006003654
818,20006004054
818,1007000354
802,1007000398
810,1007000399
811,1007000400
812,1007000401
816,1007000402
818,4007000912
802,4007000963
805,4007000964
810,4007000965
811,4007000966
812,4007000967
816,4007000968
801,5007001734
813,5007001735
814,5007001736
818,7007002587
817,8007002759
801,9007002968
813,9007002969
814,9007002970
801,20007004084
813,20007004085
814,20007004086
804,20007004100
817,25007004252
804,28007004412
802,1008000448
810,1008000449
811,1008000450
812,1008000451
816,1008000452
802,4008001023
805,4008001024
810,4008001025
811,4008001026
812,4008001027
816,4008001028
801,5008001764
813,5008001765
814,5008001766
802,7008002643
805,7008002644
810,7008002645
811,7008002646
812,7008002647
816,7008002648
801,9008002998
813,9008002999
814,9008003000
805,15008003670
817,20008004110
817,25008004262
804,28008004422
818,1009000470
802,4009001083
805,4009001084
810,4009001085
811,4009001086
812,4009001087
816,4009001088
801,5009001794
813,5009001795
814,5009001796
809,20009004120
817,25009004272
804,28009004432
801,4010001129
805,4010001130
813,4010001131
814,4010001132
801,5010001824
813,5010001825
814,5010001826
804,28010004442
804,30010004692
801,4011001169
805,4011001170
813,4011001171
814,4011001172
801,5011001854
813,5011001855
814,5011001856
805,7011002680
801,4012001209
805,4012001210
813,4012001211
814,4012001212
801,5012001884
813,5012001885
814,5012001886
801,4013001249
805,4013001250
813,4013001251
814,4013001252
801,5013001914
813,5013001915
814,5013001916
802,4014001303
805,4014001304
810,4014001305
811,4014001306
812,4014001307
816,4014001308
801,5014001944
813,5014001945
814,5014001946
805,4015001335
818,4015001336
801,5015001974
813,5015001975
814,5015001976
817,50015005278
802,4016001389
805,4016001390
810,4016001391
811,4016001392
812,4016001393
816,4016001394
801,5016002004
813,5016002005
814,5016002006
803,50016005317
806,50016005318
807,50016005319
808,50016005320
815,50016005321
802,4017001449
810,4017001450
811,4017001451
812,4017001452
816,4017001453
818,4017001454
801,5017002034
813,5017002035
814,5017002036
802,4018001515
805,4018001516
810,4018001517
811,4018001518
812,4018001519
816,4018001520
801,5018002064
813,5018002065
814,5018002066
801,5019002094
813,5019002095
814,5019002096
801,5020002124
813,5020002125
814,5020002126
918,1001000009
901,2001000503
913,2001000504
914,2001000505
901,3001000533
913,3001000534
914,3001000535
918,4001000547
902,4001000595
910,4001000596
911,4001000597
912,4001000598
916,4001000599
918,4001000613
901,5001001557
913,5001001558
914,5001001559
901,6001002157
913,6001002158
914,6001002159
902,7001002355
910,7001002356
911,7001002357
912,7001002358
916,7001002359
918,7001002360
905,8001002691
901,9001002791
913,9001002792
914,9001002793
901,10001003031
913,10001003032
914,10001003033
905,11001003070
918,11001003071
902,12001003181
910,12001003182
911,12001003183
912,12001003184
916,12001003185
902,13001003401
910,13001003402
911,13001003403
912,13001003404
916,13001003405
901,14001003557
913,14001003558
914,14001003559
902,16001003725
910,16001003726
911,16001003727
912,16001003728
916,16001003729
918,16001003743
902,17001003800
910,17001003801
911,17001003802
912,17001003803
916,17001003804
918,17001003805
909,18001003871
909,20001003965
905,23001004149
902,27001004337
910,27001004338
911,27001004339
912,27001004340
916,27001004341
904,28001004361
902,30001004574
910,30001004575
911,30001004576
912,30001004577
916,30001004578
918,30001004579
909,31001004763
909,34001004911
902,35001004965
910,35001004966
911,35001004967
912,35001004968
916,35001004969
905,36001004983
905,37001005011
905,39001005033
918,1002000025
902,1002000073
910,1002000074
911,1002000075
912,1002000076
916,1002000077
902,4002000669
905,4002000670
910,4002000671
911,4002000672
912,4002000673
916,4002000674
901,5002001587
913,5002001588
914,5002001589
905,6002002182
918,6002002183
902,6002002247
910,6002002248
911,6002002249
912,6002002250
916,6002002251
901,7002002397
913,7002002398
914,7002002399
905,8002002701
901,9002002821
913,9002002822
914,9002002823
902,11002003126
910,11002003127
911,11002003128
912,11002003129
916,11002003130
902,12002003240
910,12002003241
911,12002003242
912,12002003243
916,12002003244
918,12002003245
902,13002003452
910,13002003453
911,13002003454
912,13002003455
916,13002003456
918,13002003475
905,17002003831
909,18002003881
902,20002004007
910,20002004008
911,20002004009
912,20002004010
916,20002004011
905,23002004159
905,24002004195
917,26002004295
904,28002004371
909,31002004773
905,39002005043
918,1003000091
902,1003000139
910,1003000140
911,1003000141
912,1003000142
916,1003000143
902,4003000731
905,4003000732
910,4003000733
911,4003000734
912,4003000735
916,4003000736
901,5003001617
913,5003001618
914,5003001619
902,6003002297
910,6003002298
911,6003002299
912,6003002300
916,6003002301
902,7003002451
905,7003002452
910,7003002453
911,7003002454
912,7003002455
916,7003002456
905,8003002712
901,9003002851
913,9003002852
914,9003002853
905,10003003051
902,13003003523
910,13003003524
911,13003003525
912,13003003526
916,13003003527
901,17003003857
913,17003003858
914,17003003859
902,19003003947
910,19003003948
911,19003003949
912,19003003950
916,19003003951
904,20003004025
905,23003004169
917,25003004217
909,31003004783
918,1004000157
902,1004000205
910,1004000206
911,1004000207
912,1004000208
916,1004000209
902,4004000801
905,4004000802
910,4004000803
911,4004000804
912,4004000805
916,4004000806
901,5004001647
913,5004001648
914,5004001649
918,7004002472
905,8004002728
901,9004002881
913,9004002882
914,9004002883
902,12004003309
910,12004003310
911,12004003311
912,12004003312
916,12004003313
902,15004003621
910,15004003622
911,15004003623
912,15004003624
916,15004003625
905,20004004035
905,23004004179
917,25004004227
904,28004004387
909,31004004793
918,1005000223
902,1005000271
910,1005000272
911,1005000273
912,1005000274
916,1005000275
905,4005000829
918,4005000830
902,4005000879
910,4005000880
911,4005000881
912,4005000882
916,4005000883
901,5005001677
913,5005001678
914,5005001679
918,7005002493
905,8005002743
901,9005002911
913,9005002912
914,9005002913
905,15005003640
905,20005004045
917,25005004237
904,28005004397
905,39005005065
918,1006000289
902,1006000337
910,1006000338
911,1006000339
912,1006000340
916,1006000341
905,4006000898
901,5006001707
913,5006001708
914,5006001709
902,7006002552
905,7006002553
910,7006002554
911,7006002555
912,7006002556
916,7006002557
901,9006002941
913,9006002942
914,9006002943
905,15006003655
918,20006004055
918,1007000355
902,1007000403
910,1007000404
911,1007000405
912,1007000406
916,1007000407
918,4007000913
902,4007000969
905,4007000970
910,4007000971
911,4007000972
912,4007000973
916,4007000974
901,5007001737
913,5007001738
914,5007001739
918,7007002588
917,8007002760
901,9007002971
913,9007002972
914,9007002973
901,20007004087
913,20007004088
914,20007004089
904,20007004101
917,25007004253
904,28007004413
902,1008000453
910,1008000454
911,1008000455
912,1008000456
916,1008000457
902,4008001029
905,4008001030
910,4008001031
911,4008001032
912,4008001033
916,4008001034
901,5008001767
913,5008001768
914,5008001769
902,7008002649
905,7008002650
910,7008002651
911,7008002652
912,7008002653
916,7008002654
901,9008003001
913,9008003002
914,9008003003
905,15008003671
917,20008004111
917,25008004263
904,28008004423
918,1009000471
902,4009001089
905,4009001090
910,4009001091
911,4009001092
912,4009001093
916,4009001094
901,5009001797
913,5009001798
914,5009001799
909,20009004121
917,25009004273
904,28009004433
901,4010001133
905,4010001134
913,4010001135
914,4010001136
901,5010001827
913,5010001828
914,5010001829
904,28010004443
904,30010004693
901,4011001173
905,4011001174
913,4011001175
914,4011001176
901,5011001857
913,5011001858
914,5011001859
905,7011002681
901,4012001213
905,4012001214
913,4012001215
914,4012001216
901,5012001887
913,5012001888
914,5012001889
901,4013001253
905,4013001254
913,4013001255
914,4013001256
901,5013001917
913,5013001918
914,5013001919
902,4014001309
905,4014001310
910,4014001311
911,4014001312
912,4014001313
916,4014001314
901,5014001947
913,5014001948
914,5014001949
905,4015001337
918,4015001338
901,5015001977
913,5015001978
914,5015001979
917,50015005279
902,4016001395
905,4016001396
910,4016001397
911,4016001398
912,4016001399
916,4016001400
901,5016002007
913,5016002008
914,5016002009
903,50016005322
906,50016005323
907,50016005324
908,50016005325
915,50016005326
902,4017001455
910,4017001456
911,4017001457
912,4017001458
916,4017001459
918,4017001460
901,5017002037
913,5017002038
914,5017002039
902,4018001521
905,4018001522
910,4018001523
911,4018001524
912,4018001525
916,4018001526
901,5018002067
913,5018002068
914,5018002069
901,5019002097
913,5019002098
914,5019002099
901,5020002127
913,5020002128
914,5020002129
1018,1001000016
1001,2001000506
1013,2001000507
1014,2001000508
1001,3001000536
1013,3001000537
1014,3001000538
1018,4001000554
1002,4001000600
1010,4001000601
1011,4001000602
1012,4001000603
1016,4001000604
1018,4001000620
1001,5001001560
1013,5001001561
1014,5001001562
1001,6001002160
1013,6001002161
1014,6001002162
1002,7001002367
1010,7001002368
1011,7001002369
1012,7001002370
1016,7001002371
1018,7001002372
1005,8001002692
1001,9001002794
1013,9001002795
1014,9001002796
1001,10001003034
1013,10001003035
1014,10001003036
1005,11001003078
1018,11001003079
1002,12001003186
1010,12001003187
1011,12001003188
1012,12001003189
1016,12001003190
1002,13001003406
1010,13001003407
1011,13001003408
1012,13001003409
1016,13001003410
1001,14001003560
1013,14001003561
1014,14001003562
1002,16001003730
1010,16001003731
1011,16001003732
1012,16001003733
1016,16001003734
1018,16001003750
1002,17001003812
1010,17001003813
1011,17001003814
1012,17001003815
1016,17001003816
1018,17001003817
1009,18001003872
1009,20001003966
1005,23001004150
1002,27001004342
1010,27001004343
1011,27001004344
1012,27001004345
1016,27001004346
1004,28001004362
1002,30001004586
1010,30001004587
1011,30001004588
1012,30001004589
1016,30001004590
1018,30001004591
1009,31001004764
1009,34001004912
1002,35001004970
1010,35001004971
1011,35001004972
1012,35001004973
1016,35001004974
1005,36001004984
1005,37001005012
1005,39001005034
1018,1002000032
1002,1002000078
1010,1002000079
1011,1002000080
1012,1002000081
1016,1002000082
1002,4002000675
1005,4002000676
1010,4002000677
1011,4002000678
1012,4002000679
1016,4002000680
1001,5002001590
1013,5002001591
1014,5002001592
1005,6002002190
1018,6002002191
1002,6002002252
1010,6002002253
1011,6002002254
1012,6002002255
1016,6002002256
1001,7002002400
1013,7002002401
1014,7002002402
1005,8002002702
1001,9002002824
1013,9002002825
1014,9002002826
1002,11002003131
1010,11002003132
1011,11002003133
1012,11002003134
1016,11002003135
1002,12002003252
1010,12002003253
1011,12002003254
1012,12002003255
1016,12002003256
1018,12002003257
1002,13002003457
1010,13002003458
1011,13002003459
1012,13002003460
1016,13002003461
1018,13002003482
1005,17002003832
1009,18002003882
1002,20002004012
1010,20002004013
1011,20002004014
1012,20002004015
1016,20002004016
1005,23002004160
1005,24002004196
1017,26002004296
1004,28002004372
1009,31002004774
1005,39002005044
1018,1003000098
1002,1003000144
1010,1003000145
1011,1003000146
1012,1003000147
1016,1003000148
1002,4003000737
1005,4003000738
1010,4003000739
1011,4003000740
1012,4003000741
1016,4003000742
1001,5003001620
1013,5003001621
1014,5003001622
1002,6003002302
1010,6003002303
1011,6003002304
1012,6003002305
1016,6003002306
1002,7003002457
1005,7003002458
1010,7003002459
1011,7003002460
1012,7003002461
1016,7003002462
1005,8003002713
1001,9003002854
1013,9003002855
1014,9003002856
1005,10003003052
1002,13003003528
1010,13003003529
1011,13003003530
1012,13003003531
1016,13003003532
1001,17003003860
1013,17003003861
1014,17003003862
1002,19003003952
1010,19003003953
1011,19003003954
1012,19003003955
1016,19003003956
1004,20003004026
1005,23003004170
1017,25003004218
1009,31003004784
1018,1004000164
1002,1004000210
1010,1004000211
1011,1004000212
1012,1004000213
1016,1004000214
1002,4004000807
1005,4004000808
1010,4004000809
1011,4004000810
1012,4004000811
1016,4004000812
1001,5004001650
1013,5004001651
1014,5004001652
1018,7004002479
1005,8004002729
1001,9004002884
1013,9004002885
1014,9004002886
1002,12004003314
1010,12004003315
1011,12004003316
1012,12004003317
1016,12004003318
1002,15004003626
1010,15004003627
1011,15004003628
1012,15004003629
1016,15004003630
1005,20004004036
1005,23004004180
1017,25004004228
1004,28004004388
1009,31004004794
1018,1005000230
1002,1005000276
1010,1005000277
1011,1005000278
1012,1005000279
1016,1005000280
1005,4005000837
1018,4005000838
1002,4005000884
1010,4005000885
1011,4005000886
1012,4005000887
1016,4005000888
1001,5005001680
1013,5005001681
1014,5005001682
1018,7005002500
1005,8005002744
1001,9005002914
1013,9005002915
1014,9005002916
1005,15005003641
1005,20005004046
1017,25005004238
1004,28005004398
1005,39005005066
1018,1006000296
1002,1006000342
1010,1006000343
1011,1006000344
1012,1006000345
1016,1006000346
1005,4006000899
1001,5006001710
1013,5006001711
1014,5006001712
1002,7006002558
1005,7006002559
1010,7006002560
1011,7006002561
1012,7006002562
1016,7006002563
1001,9006002944
1013,9006002945
1014,9006002946
1005,15006003656
1018,20006004062
1018,1007000362
1002,1007000408
1010,1007000409
1011,1007000410
1012,1007000411
1016,1007000412
1018,4007000920
1002,4007000975
1005,4007000976
1010,4007000977
1011,4007000978
1012,4007000979
1016,4007000980
1001,5007001740
1013,5007001741
1014,5007001742
1018,7007002595
1017,8007002761
1001,9007002974
1013,9007002975
1014,9007002976
1001,20007004090
1013,20007004091
1014,20007004092
1004,20007004102
1017,25007004254
1004,28007004414
1002,1008000458
1010,1008000459
1011,1008000460
1012,1008000461
1016,1008000462
1002,4008001035
1005,4008001036
1010,4008001037
1011,4008001038
1012,4008001039
1016,4008001040
1001,5008001770
1013,5008001771
1014,5008001772
1002,7008002655
1005,7008002656
1010,7008002657
1011,7008002658
1012,7008002659
1016,7008002660
1001,9008003004
1013,9008003005
1014,9008003006
1005,15008003672
1017,20008004112
1017,25008004264
1004,28008004424
1018,1009000478
1002,4009001095
1005,4009001096
1010,4009001097
1011,4009001098
1012,4009001099
1016,4009001100
1001,5009001800
1013,5009001801
1014,5009001802
1009,20009004122
1017,25009004274
1004,28009004434
1001,4010001137
1005,4010001138
1013,4010001139
1014,4010001140
1001,5010001830
1013,5010001831
1014,5010001832
1004,28010004444
1004,30010004694
1001,4011001177
1005,4011001178
1013,4011001179
1014,4011001180
1001,5011001860
1013,5011001861
1014,5011001862
1005,7011002682
1001,4012001217
1005,4012001218
1013,4012001219
1014,4012001220
1001,5012001890
1013,5012001891
1014,5012001892
1001,4013001257
1005,4013001258
1013,4013001259
1014,4013001260
1001,5013001920
1013,5013001921
1014,5013001922
1002,4014001315
1005,4014001316
1010,4014001317
1011,4014001318
1012,4014001319
1016,4014001320
1001,5014001950
1013,5014001951
1014,5014001952
1005,4015001345
1018,4015001346
1001,5015001980
1013,5015001981
1014,5015001982
1017,50015005280
1002,4016001401
1005,4016001402
1010,4016001403
1011,4016001404
1012,4016001405
1016,4016001406
1001,5016002010
1013,5016002011
1014,5016002012
1003,50016005327
1006,50016005328
1007,50016005329
1008,50016005330
1015,50016005331
1002,4017001467
1010,4017001468
1011,4017001469
1012,4017001470
1016,4017001471
1018,4017001472
1001,5017002040
1013,5017002041
1014,5017002042
1002,4018001527
1005,4018001528
1010,4018001529
1011,4018001530
1012,4018001531
1016,4018001532
1001,5018002070
1013,5018002071
1014,5018002072
1001,5019002100
1013,5019002101
1014,5019002102
1001,5020002130
1013,5020002131
1014,5020002132
1118,1001000010
1118,4001000548
1118,4001000614
1118,7001002361
1118,11001003072
1118,16001003744
1118,17001003806
1118,30001004580
1118,1002000026
1118,6002002184
1118,12002003246
1118,13002003476
1118,1003000092
1118,1004000158
1118,7004002473
1118,1005000224
1118,4005000831
1118,7005002494
1118,1006000290
1118,20006004056
1118,1007000356
1118,4007000914
1118,7007002589
1118,1009000472
1118,4015001339
1118,4017001461
1218,1001000011
1218,4001000549
1218,4001000615
1218,7001002362
1218,11001003073
1218,16001003745
1218,17001003807
1218,30001004581
1218,1002000027
1218,6002002185
1218,12002003247
1218,13002003477
1218,1003000093
1218,1004000159
1218,7004002474
1218,1005000225
1218,4005000832
1218,7005002495
1218,1006000291
1218,20006004057
1218,1007000357
1218,4007000915
1218,7007002590
1218,1009000473
1218,4015001340
1218,4017001462
1318,1001000012
1318,4001000550
1318,4001000616
1318,7001002363
1318,11001003074
1318,16001003746
1318,17001003808
1318,30001004582
1318,1002000028
1318,6002002186
1318,12002003248
1318,13002003478
1318,1003000094
1318,1004000160
1318,7004002475
1318,1005000226
1318,4005000833
1318,7005002496
1318,1006000292
1318,20006004058
1318,1007000358
1318,4007000916
1318,7007002591
1318,1009000474
1318,4015001341
1318,4017001463
1418,1001000013
1418,4001000551
1418,4001000617
1418,7001002364
1418,11001003075
1418,16001003747
1418,17001003809
1418,30001004583
1418,1002000029
1418,6002002187
1418,12002003249
1418,13002003479
1418,1003000095
1418,1004000161
1418,7004002476
1418,1005000227
1418,4005000834
1418,7005002497
1418,1006000293
1418,20006004059
1418,1007000359
1418,4007000917
1418,7007002592
1418,1009000475
1418,4015001342
1418,4017001464
1518,1001000014
1518,4001000552
1518,4001000618
1518,7001002365
1518,11001003076
1518,16001003748
1518,17001003810
1518,30001004584
1518,1002000030
1518,6002002188
1518,12002003250
1518,13002003480
1518,1003000096
1518,1004000162
1518,7004002477
1518,1005000228
1518,4005000835
1518,7005002498
1518,1006000294
1518,20006004060
1518,1007000360
1518,4007000918
1518,7007002593
1518,1009000476
1518,4015001343
1518,4017001465
1618,1001000015
1618,4001000553
1618,4001000619
1618,7001002366
1618,11001003077
1618,16001003749
1618,17001003811
1618,30001004585
1618,1002000031
1618,6002002189
1618,12002003251
1618,13002003481
1618,1003000097
1618,1004000163
1618,7004002478
1618,1005000229
1618,4005000836
1618,7005002499
1618,1006000295
1618,20006004061
1618,1007000361
1618,4007000919
1618,7007002594
1618,1009000477
1618,4015001344
1618,4017001466
