ToolBoxJobID,ToolBoxID,JobID
101,100,1
201,200,1
301,300,1
401,400,1
501,500,1
601,600,1
701,700,1
801,800,1
901,900,1
1001,1000,1
102,100,2
202,200,2
302,300,2
402,400,2
502,500,2
602,600,2
702,700,2
802,800,2
902,900,2
1002,1000,2
103,100,3
203,200,3
303,300,3
403,400,3
503,500,3
603,600,3
703,700,3
803,800,3
903,900,3
1003,1000,3
104,100,4
204,200,4
304,300,4
404,400,4
504,500,4
604,600,4
704,700,4
804,800,4
904,900,4
1004,1000,4
105,100,5
205,200,5
305,300,5
405,400,5
505,500,5
605,600,5
705,700,5
805,800,5
905,900,5
1005,1000,5
106,100,6
206,200,6
306,300,6
406,400,6
506,500,6
606,600,6
706,700,6
806,800,6
906,900,6
1006,1000,6
107,100,7
207,200,7
307,300,7
407,400,7
507,500,7
607,600,7
707,700,7
807,800,7
907,900,7
1007,1000,7
108,100,8
208,200,8
308,300,8
408,400,8
508,500,8
608,600,8
708,700,8
808,800,8
908,900,8
1008,1000,8
109,100,9
209,200,9
309,300,9
409,400,9
509,500,9
609,600,9
709,700,9
809,800,9
909,900,9
1009,1000,9
110,100,10
210,200,10
310,300,10
410,400,10
510,500,10
610,600,10
710,700,10
810,800,10
910,900,10
1010,1000,10
111,100,11
211,200,11
311,300,11
411,400,11
511,500,11
611,600,11
711,700,11
811,800,11
911,900,11
1011,1000,11
112,100,12
212,200,12
312,300,12
412,400,12
512,500,12
612,600,12
712,700,12
812,800,12
912,900,12
1012,1000,12
113,100,13
213,200,13
313,300,13
413,400,13
513,500,13
613,600,13
713,700,13
813,800,13
913,900,13
1013,1000,13
114,100,14
214,200,14
314,300,14
414,400,14
514,500,14
614,600,14
714,700,14
814,800,14
914,900,14
1014,1000,14
115,100,15
215,200,15
315,300,15
415,400,15
515,500,15
615,600,15
715,700,15
815,800,15
915,900,15
1015,1000,15
116,100,16
216,200,16
316,300,16
416,400,16
516,500,16
616,600,16
716,700,16
816,800,16
916,900,16
1016,1000,16
117,100,17
217,200,17
317,300,17
417,400,17
517,500,17
617,600,17
717,700,17
817,800,17
917,900,17
1017,1000,17
118,100,18
218,200,18
318,300,18
418,400,18
518,500,18
618,600,18
718,700,18
818,800,18
918,900,18
1018,1000,18
1118,1100,18
1218,1200,18
1318,1300,18
1418,1400,18
1518,1500,18
1618,1600,18
