ToolBoxJobID,EquipToolItemID
101,2001000479
101,3001000509
101,4010001101
101,4011001141
101,4012001181
101,4013001221
101,5001001533
101,5002001563
101,5003001593
101,5004001623
101,5005001653
101,5006001683
101,5007001713
101,5008001743
101,5009001773
101,5010001803
101,5011001833
101,5012001863
101,5013001893
101,5014001923
101,5015001953
101,5016001983
101,5017002013
101,5018002043
101,5019002073
101,5020002103
101,6001002133
101,7002002373
101,9001002767
101,9002002797
101,9003002827
101,9004002857
101,9005002887
101,9006002917
101,9007002947
101,9008002977
101,10001003007
101,14001003533
101,17003003833
101,20007004063
102,1002000033
102,1003000099
102,1004000165
102,1005000231
102,1006000297
102,1007000363
102,1008000413
102,4001000555
102,4002000621
102,4003000681
102,4004000753
102,4005000839
102,4007000921
102,4008000981
102,4009001041
102,4014001261
102,4016001347
102,4017001407
102,4018001473
102,6002002207
102,6003002257
102,7001002307
102,7003002403
102,7006002501
102,7008002601
102,11002003085
102,12001003141
102,12002003191
102,12004003269
102,13001003361
102,13002003411
102,13003003483
102,15004003581
102,16001003685
102,17001003751
102,19003003907
102,20002003967
102,27001004297
102,30001004523
102,35001004925
103,50016005281
104,20003004017
104,20007004093
104,28001004353
104,28002004363
104,28004004379
104,28005004389
104,28007004405
104,28008004415
104,28009004425
104,28010004435
104,30010004685
105,4002000622
105,4003000682
105,4004000754
105,4005000813
105,4006000889
105,4007000922
105,4008000982
105,4009001042
105,4010001102
105,4011001142
105,4012001182
105,4013001222
105,4014001262
105,4015001321
105,4016001348
105,4018001474
105,6002002163
105,7003002404
105,7006002502
105,7008002602
105,7011002673
105,8001002683
105,8002002693
105,8003002703
105,8004002719
105,8005002735
105,10003003043
105,11001003053
105,15005003631
105,15006003647
105,15008003663
105,17002003823
105,20004004027
105,20005004037
105,23001004141
105,23002004151
105,23003004161
105,23004004171
105,24002004187
105,36001004975
105,37001005003
105,39001005025
105,39002005035
105,39005005057
106,50016005282
107,50016005283
108,50016005284
109,18001003863
109,18002003873
109,20001003957
109,20009004113
109,31001004755
109,31002004765
109,31003004775
109,31004004785
109,34001004903
110,1002000034
110,1003000100
110,1004000166
110,1005000232
110,1006000298
110,1007000364
110,1008000414
110,4001000556
110,4002000623
110,4003000683
110,4004000755
110,4005000840
110,4007000923
110,4008000983
110,4009001043
110,4014001263
110,4016001349
110,4017001408
110,4018001475
110,6002002208
110,6003002258
110,7001002308
110,7003002405
110,7006002503
110,7008002603
110,11002003086
110,12001003142
110,12002003192
110,12004003270
110,13001003362
110,13002003412
110,13003003484
110,15004003582
110,16001003686
110,17001003752
110,19003003908
110,20002003968
110,27001004298
110,30001004524
110,35001004926
111,1002000035
111,1003000101
111,1004000167
111,1005000233
111,1006000299
111,1007000365
111,1008000415
111,4001000557
111,4002000624
111,4003000684
111,4004000756
111,4005000841
111,4007000924
111,4008000984
111,4009001044
111,4014001264
111,4016001350
111,4017001409
111,4018001476
111,6002002209
111,6003002259
111,7001002309
111,7003002406
111,7006002504
111,7008002604
111,11002003087
111,12001003143
111,12002003193
111,12004003271
111,13001003363
111,13002003413
111,13003003485
111,15004003583
111,16001003687
111,17001003753
111,19003003909
111,20002003969
111,27001004299
111,30001004525
111,35001004927
112,1002000036
112,1003000102
112,1004000168
112,1005000234
112,1006000300
112,1007000366
112,1008000416
112,4001000558
112,4002000625
112,4003000685
112,4004000757
112,4005000842
112,4007000925
112,4008000985
112,4009001045
112,4014001265
112,4016001351
112,4017001410
112,4018001477
112,6002002210
112,6003002260
112,7001002310
112,7003002407
112,7006002505
112,7008002605
112,11002003088
112,12001003144
112,12002003194
112,12004003272
112,13001003364
112,13002003414
112,13003003486
112,15004003584
112,16001003688
112,17001003754
112,19003003910
112,20002003970
112,27001004300
112,30001004526
112,35001004928
113,2001000480
113,3001000510
113,4010001103
113,4011001143
113,4012001183
113,4013001223
113,5001001534
113,5002001564
113,5003001594
113,5004001624
113,5005001654
113,5006001684
113,5007001714
113,5008001744
113,5009001774
113,5010001804
113,5011001834
113,5012001864
113,5013001894
113,5014001924
113,5015001954
113,5016001984
113,5017002014
113,5018002044
113,5019002074
113,5020002104
113,6001002134
113,7002002374
113,9001002768
113,9002002798
113,9003002828
113,9004002858
113,9005002888
113,9006002918
113,9007002948
113,9008002978
113,10001003008
113,14001003534
113,17003003834
113,20007004064
114,2001000481
114,3001000511
114,4010001104
114,4011001144
114,4012001184
114,4013001224
114,5001001535
114,5002001565
114,5003001595
114,5004001625
114,5005001655
114,5006001685
114,5007001715
114,5008001745
114,5009001775
114,5010001805
114,5011001835
114,5012001865
114,5013001895
114,5014001925
114,5015001955
114,5016001985
114,5017002015
114,5018002045
114,5019002075
114,5020002105
114,6001002135
114,7002002375
114,9001002769
114,9002002799
114,9003002829
114,9004002859
114,9005002889
114,9006002919
114,9007002949
114,9008002979
114,10001003009
114,14001003535
114,17003003835
114,20007004065
115,50016005285
116,1002000037
116,1003000103
116,1004000169
116,1005000235
116,1006000301
116,1007000367
116,1008000417
116,4001000559
116,4002000626
116,4003000686
116,4004000758
116,4005000843
116,4007000926
116,4008000986
116,4009001046
116,4014001266
116,4016001352
116,4017001411
116,4018001478
116,6002002211
116,6003002261
116,7001002311
116,7003002408
116,7006002506
116,7008002606
116,11002003089
116,12001003145
116,12002003195
116,12004003273
116,13001003365
116,13002003415
116,13003003487
116,15004003585
116,16001003689
116,17001003755
116,19003003911
116,20002003971
116,27001004301
116,30001004527
116,35001004929
117,8007002751
117,20008004103
117,25003004209
117,25004004219
117,25005004229
117,25007004245
117,25008004255
117,25009004265
117,26002004287
117,50015005271
118,1001000001
118,1002000017
118,1003000083
118,1004000149
118,1005000215
118,1006000281
118,1007000347
118,1009000463
118,4001000539
118,4001000605
118,4005000814
118,4007000905
118,4015001322
118,4017001412
118,6002002164
118,7001002312
118,7004002463
118,7005002485
118,7007002579
118,11001003054
118,12002003196
118,13002003467
118,16001003735
118,17001003756
118,20006004047
118,30001004528
201,2001000482
201,3001000512
201,4010001105
201,4011001145
201,4012001185
201,4013001225
201,5001001536
201,5002001566
201,5003001596
201,5004001626
201,5005001656
201,5006001686
201,5007001716
201,5008001746
201,5009001776
201,5010001806
201,5011001836
201,5012001866
201,5013001896
201,5014001926
201,5015001956
201,5016001986
201,5017002016
201,5018002046
201,5019002076
201,5020002106
201,6001002136
201,7002002376
201,9001002770
201,9002002800
201,9003002830
201,9004002860
201,9005002890
201,9006002920
201,9007002950
201,9008002980
201,10001003010
201,14001003536
201,17003003836
201,20007004066
202,1002000038
202,1003000104
202,1004000170
202,1005000236
202,1006000302
202,1007000368
202,1008000418
202,4001000560
202,4002000627
202,4003000689
202,4004000759
202,4005000844
202,4007000927
202,4008000987
202,4009001047
202,4014001267
202,4016001353
202,4017001413
202,4018001479
202,6002002212
202,6003002262
202,7001002313
202,7003002409
202,7006002510
202,7008002607
202,11002003091
202,12001003146
202,12002003198
202,12004003274
202,13001003366
202,13002003417
202,13003003488
202,15004003586
202,16001003690
202,17001003758
202,19003003912
202,20002003972
202,27001004302
202,30001004532
202,35001004930
203,50016005287
204,20003004018
204,20007004094
204,28001004354
204,28002004364
204,28004004380
204,28005004390
204,28007004406
204,28008004416
204,28009004426
204,28010004436
204,30010004686
205,4002000628
205,4003000690
205,4004000760
205,4005000815
205,4006000891
205,4007000928
205,4008000988
205,4009001048
205,4010001106
205,4011001146
205,4012001186
205,4013001226
205,4014001268
205,4015001323
205,4016001354
205,4018001480
205,6002002168
205,7003002410
205,7006002511
205,7008002608
205,7011002674
205,8001002684
205,8002002694
205,8003002705
205,8004002721
205,8005002736
205,10003003044
205,11001003056
205,15005003633
205,15006003648
205,15008003664
205,17002003824
205,20004004028
205,20005004038
205,23001004142
205,23002004152
205,23003004162
205,23004004172
205,24002004188
205,36001004976
205,37001005004
205,39001005026
205,39002005036
205,39005005058
206,50016005288
207,50016005289
208,50016005290
209,18001003864
209,18002003874
209,20001003958
209,20009004114
209,31001004756
209,31002004766
209,31003004776
209,31004004786
209,34001004904
210,1002000039
210,1003000105
210,1004000171
210,1005000237
210,1006000303
210,1007000369
210,1008000419
210,4001000561
210,4002000629
210,4003000691
210,4004000761
210,4005000845
210,4007000929
210,4008000989
210,4009001049
210,4014001269
210,4016001355
210,4017001414
210,4018001481
210,6002002213
210,6003002263
210,7001002314
210,7003002411
210,7006002512
210,7008002609
210,11002003092
210,12001003147
210,12002003199
210,12004003275
210,13001003367
210,13002003418
210,13003003489
210,15004003587
210,16001003691
210,17001003759
210,19003003913
210,20002003973
210,27001004303
210,30001004533
210,35001004931
211,1002000040
211,1003000106
211,1004000172
211,1005000238
211,1006000304
211,1007000370
211,1008000420
211,4001000562
211,4002000630
211,4003000692
211,4004000762
211,4005000846
211,4007000930
211,4008000990
211,4009001050
211,4014001270
211,4016001356
211,4017001415
211,4018001482
211,6002002214
211,6003002264
211,7001002315
211,7003002412
211,7006002513
211,7008002610
211,11002003093
211,12001003148
211,12002003200
211,12004003276
211,13001003368
211,13002003419
211,13003003490
211,15004003588
211,16001003692
211,17001003760
211,19003003914
211,20002003974
211,27001004304
211,30001004534
211,35001004932
212,1002000041
212,1003000107
212,1004000173
212,1005000239
212,1006000305
212,1007000371
212,1008000421
212,4001000563
212,4002000631
212,4003000693
212,4004000763
212,4005000847
212,4007000931
212,4008000991
212,4009001051
212,4014001271
212,4016001357
212,4017001416
212,4018001483
212,6002002215
212,6003002265
212,7001002316
212,7003002413
212,7006002514
212,7008002611
212,11002003094
212,12001003149
212,12002003201
212,12004003277
212,13001003369
212,13002003420
212,13003003491
212,15004003589
212,16001003693
212,17001003761
212,19003003915
212,20002003975
212,27001004305
212,30001004535
212,35001004933
213,2001000483
213,3001000513
213,4010001107
213,4011001147
213,4012001187
213,4013001227
213,5001001537
213,5002001567
213,5003001597
213,5004001627
213,5005001657
213,5006001687
213,5007001717
213,5008001747
213,5009001777
213,5010001807
213,5011001837
213,5012001867
213,5013001897
213,5014001927
213,5015001957
213,5016001987
213,5017002017
213,5018002047
213,5019002077
213,5020002107
213,6001002137
213,7002002377
213,9001002771
213,9002002801
213,9003002831
213,9004002861
213,9005002891
213,9006002921
213,9007002951
213,9008002981
213,10001003011
213,14001003537
213,17003003837
213,20007004067
214,2001000484
214,3001000514
214,4010001108
214,4011001148
214,4012001188
214,4013001228
214,5001001538
214,5002001568
214,5003001598
214,5004001628
214,5005001658
214,5006001688
214,5007001718
214,5008001748
214,5009001778
214,5010001808
214,5011001838
214,5012001868
214,5013001898
214,5014001928
214,5015001958
214,5016001988
214,5017002018
214,5018002048
214,5019002078
214,5020002108
214,6001002138
214,7002002378
214,9001002772
214,9002002802
214,9003002832
214,9004002862
214,9005002892
214,9006002922
214,9007002952
214,9008002982
214,10001003012
214,14001003538
214,17003003838
214,20007004068
215,50016005291
216,1002000042
216,1003000108
216,1004000174
216,1005000240
216,1006000306
216,1007000372
216,1008000422
216,4001000564
216,4002000632
216,4003000694
216,4004000764
216,4005000848
216,4007000932
216,4008000992
216,4009001052
216,4014001272
216,4016001358
216,4017001417
216,4018001484
216,6002002216
216,6003002266
216,7001002317
216,7003002414
216,7006002515
216,7008002612
216,11002003095
216,12001003150
216,12002003202
216,12004003278
216,13001003370
216,13002003421
216,13003003492
216,15004003590
216,16001003694
216,17001003762
216,19003003916
216,20002003976
216,27001004306
216,30001004536
216,35001004934
217,8007002753
217,20008004104
217,25003004210
217,25004004220
217,25005004230
217,25007004246
217,25008004256
217,25009004266
217,26002004288
217,50015005272
218,1001000002
218,1002000018
218,1003000084
218,1004000150
218,1005000216
218,1006000282
218,1007000348
218,1009000464
218,4001000540
218,4001000606
218,4005000816
218,4007000906
218,4015001324
218,4017001418
218,6002002169
218,7001002318
218,7004002465
218,7005002486
218,7007002581
218,11001003057
218,12002003203
218,13002003468
218,16001003736
218,17001003763
218,20006004048
218,30001004537
301,2001000485
301,3001000515
301,4010001109
301,4011001149
301,4012001189
301,4013001229
301,5001001539
301,5002001569
301,5003001599
301,5004001629
301,5005001659
301,5006001689
301,5007001719
301,5008001749
301,5009001779
301,5010001809
301,5011001839
301,5012001869
301,5013001899
301,5014001929
301,5015001959
301,5016001989
301,5017002019
301,5018002049
301,5019002079
301,5020002109
301,6001002139
301,7002002379
301,9001002773
301,9002002803
301,9003002833
301,9004002863
301,9005002893
301,9006002923
301,9007002953
301,9008002983
301,10001003013
301,14001003539
301,17003003839
301,20007004069
302,1002000043
302,1003000109
302,1004000175
302,1005000241
302,1006000307
302,1007000373
302,1008000423
302,4001000565
302,4002000633
302,4003000695
302,4004000765
302,4005000849
302,4007000933
302,4008000993
302,4009001053
302,4014001273
302,4016001359
302,4017001419
302,4018001485
302,6002002217
302,6003002267
302,7001002319
302,7003002415
302,7006002516
302,7008002613
302,11002003096
302,12001003151
302,12002003204
302,12004003279
302,13001003371
302,13002003422
302,13003003493
302,15004003591
302,16001003695
302,17001003764
302,19003003917
302,20002003977
302,27001004307
302,30001004538
302,35001004935
303,50016005292
304,20003004019
304,20007004095
304,28001004355
304,28002004365
304,28004004381
304,28005004391
304,28007004407
304,28008004417
304,28009004427
304,28010004437
304,30010004687
305,4002000634
305,4003000696
305,4004000766
305,4005000817
305,4006000892
305,4007000934
305,4008000994
305,4009001054
305,4010001110
305,4011001150
305,4012001190
305,4013001230
305,4014001274
305,4015001325
305,4016001360
305,4018001486
305,6002002170
305,7003002416
305,7006002517
305,7008002614
305,7011002675
305,8001002685
305,8002002695
305,8003002706
305,8004002722
305,8005002737
305,10003003045
305,11001003058
305,15005003634
305,15006003649
305,15008003665
305,17002003825
305,20004004029
305,20005004039
305,23001004143
305,23002004153
305,23003004163
305,23004004173
305,24002004189
305,36001004977
305,37001005005
305,39001005027
305,39002005037
305,39005005059
306,50016005293
307,50016005294
308,50016005295
309,18001003865
309,18002003875
309,20001003959
309,20009004115
309,31001004757
309,31002004767
309,31003004777
309,31004004787
309,34001004905
310,1002000044
310,1003000110
310,1004000176
310,1005000242
310,1006000308
310,1007000374
310,1008000424
310,4001000566
310,4002000635
310,4003000697
310,4004000767
310,4005000850
310,4007000935
310,4008000995
310,4009001055
310,4014001275
310,4016001361
310,4017001420
310,4018001487
310,6002002218
310,6003002268
310,7001002320
310,7003002417
310,7006002518
310,7008002615
310,11002003097
310,12001003152
310,12002003205
310,12004003280
310,13001003372
310,13002003423
310,13003003494
310,15004003592
310,16001003696
310,17001003765
310,19003003918
310,20002003978
310,27001004308
310,30001004539
310,35001004936
311,1002000045
311,1003000111
311,1004000177
311,1005000243
311,1006000309
311,1007000375
311,1008000425
311,4001000567
311,4002000636
311,4003000698
311,4004000768
311,4005000851
311,4007000936
311,4008000996
311,4009001056
311,4014001276
311,4016001362
311,4017001421
311,4018001488
311,6002002219
311,6003002269
311,7001002321
311,7003002418
311,7006002519
311,7008002616
311,11002003098
311,12001003153
311,12002003206
311,12004003281
311,13001003373
311,13002003424
311,13003003495
311,15004003593
311,16001003697
311,17001003766
311,19003003919
311,20002003979
311,27001004309
311,30001004540
311,35001004937
312,1002000046
312,1003000112
312,1004000178
312,1005000244
312,1006000310
312,1007000376
312,1008000426
312,4001000568
312,4002000637
312,4003000699
312,4004000769
312,4005000852
312,4007000937
312,4008000997
312,4009001057
312,4014001277
312,4016001363
312,4017001422
312,4018001489
312,6002002220
312,6003002270
312,7001002322
312,7003002419
312,7006002520
312,7008002617
312,11002003099
312,12001003154
312,12002003207
312,12004003282
312,13001003374
312,13002003425
312,13003003496
312,15004003594
312,16001003698
312,17001003767
312,19003003920
312,20002003980
312,27001004310
312,30001004541
312,35001004938
313,2001000486
313,3001000516
313,4010001111
313,4011001151
313,4012001191
313,4013001231
313,5001001540
313,5002001570
313,5003001600
313,5004001630
313,5005001660
313,5006001690
313,5007001720
313,5008001750
313,5009001780
313,5010001810
313,5011001840
313,5012001870
313,5013001900
313,5014001930
313,5015001960
313,5016001990
313,5017002020
313,5018002050
313,5019002080
313,5020002110
313,6001002140
313,7002002380
313,9001002774
313,9002002804
313,9003002834
313,9004002864
313,9005002894
313,9006002924
313,9007002954
313,9008002984
313,10001003014
313,14001003540
313,17003003840
313,20007004070
314,2001000487
314,3001000517
314,4010001112
314,4011001152
314,4012001192
314,4013001232
314,5001001541
314,5002001571
314,5003001601
314,5004001631
314,5005001661
314,5006001691
314,5007001721
314,5008001751
314,5009001781
314,5010001811
314,5011001841
314,5012001871
314,5013001901
314,5014001931
314,5015001961
314,5016001991
314,5017002021
314,5018002051
314,5019002081
314,5020002111
314,6001002141
314,7002002381
314,9001002775
314,9002002805
314,9003002835
314,9004002865
314,9005002895
314,9006002925
314,9007002955
314,9008002985
314,10001003015
314,14001003541
314,17003003841
314,20007004071
315,50016005296
316,1002000047
316,1003000113
316,1004000179
316,1005000245
316,1006000311
316,1007000377
316,1008000427
316,4001000569
316,4002000638
316,4003000700
316,4004000770
316,4005000853
316,4007000938
316,4008000998
316,4009001058
316,4014001278
316,4016001364
316,4017001423
316,4018001490
316,6002002221
316,6003002271
316,7001002323
316,7003002420
316,7006002521
316,7008002618
316,11002003100
316,12001003155
316,12002003208
316,12004003283
316,13001003375
316,13002003426
316,13003003497
316,15004003595
316,16001003699
316,17001003768
316,19003003921
316,20002003981
316,27001004311
316,30001004542
316,35001004939
317,8007002754
317,20008004105
317,25003004211
317,25004004221
317,25005004231
317,25007004247
317,25008004257
317,25009004267
317,26002004289
317,50015005273
318,1001000003
318,1002000019
318,1003000085
318,1004000151
318,1005000217
318,1006000283
318,1007000349
318,1009000465
318,4001000541
318,4001000607
318,4005000818
318,4007000907
318,4015001326
318,4017001424
318,6002002171
318,7001002324
318,7004002466
318,7005002487
318,7007002582
318,11001003059
318,12002003209
318,13002003469
318,16001003737
318,17001003769
318,20006004049
318,30001004543
401,2001000488
401,3001000518
401,4010001113
401,4011001153
401,4012001193
401,4013001233
401,5001001542
401,5002001572
401,5003001602
401,5004001632
401,5005001662
401,5006001692
401,5007001722
401,5008001752
401,5009001782
401,5010001812
401,5011001842
401,5012001872
401,5013001902
401,5014001932
401,5015001962
401,5016001992
401,5017002022
401,5018002052
401,5019002082
401,5020002112
401,6001002142
401,7002002382
401,9001002776
401,9002002806
401,9003002836
401,9004002866
401,9005002896
401,9006002926
401,9007002956
401,9008002986
401,10001003016
401,14001003542
401,17003003842
401,20007004072
402,1002000048
402,1003000114
402,1004000180
402,1005000246
402,1006000312
402,1007000378
402,1008000428
402,4001000570
402,4002000639
402,4003000701
402,4004000771
402,4005000854
402,4007000939
402,4008000999
402,4009001059
402,4014001279
402,4016001365
402,4017001425
402,4018001491
402,6002002222
402,6003002272
402,7001002325
402,7003002421
402,7006002522
402,7008002619
402,11002003101
402,12001003156
402,12002003210
402,12004003284
402,13001003376
402,13002003427
402,13003003498
402,15004003596
402,16001003700
402,17001003770
402,19003003922
402,20002003982
402,27001004312
402,30001004544
402,35001004940
403,50016005297
404,20003004020
404,20007004096
404,28001004356
404,28002004366
404,28004004382
404,28005004392
404,28007004408
404,28008004418
404,28009004428
404,28010004438
404,30010004688
405,4002000640
405,4003000702
405,4004000772
405,4005000819
405,4006000893
405,4007000940
405,4008001000
405,4009001060
405,4010001114
405,4011001154
405,4012001194
405,4013001234
405,4014001280
405,4015001327
405,4016001366
405,4018001492
405,6002002172
405,7003002422
405,7006002523
405,7008002620
405,7011002676
405,8001002686
405,8002002696
405,8003002707
405,8004002723
405,8005002738
405,10003003046
405,11001003060
405,15005003635
405,15006003650
405,15008003666
405,17002003826
405,20004004030
405,20005004040
405,23001004144
405,23002004154
405,23003004164
405,23004004174
405,24002004190
405,36001004978
405,37001005006
405,39001005028
405,39002005038
405,39005005060
406,50016005298
407,50016005299
408,50016005300
409,18001003866
409,18002003876
409,20001003960
409,20009004116
409,31001004758
409,31002004768
409,31003004778
409,31004004788
409,34001004906
410,1002000049
410,1003000115
410,1004000181
410,1005000247
410,1006000313
410,1007000379
410,1008000429
410,4001000571
410,4002000641
410,4003000703
410,4004000773
410,4005000855
410,4007000941
410,4008001001
410,4009001061
410,4014001281
410,4016001367
410,4017001426
410,4018001493
410,6002002223
410,6003002273
410,7001002326
410,7003002423
410,7006002524
410,7008002621
410,11002003102
410,12001003157
410,12002003211
410,12004003285
410,13001003377
410,13002003428
410,13003003499
410,15004003597
410,16001003701
410,17001003771
410,19003003923
410,20002003983
410,27001004313
410,30001004545
410,35001004941
411,1002000050
411,1003000116
411,1004000182
411,1005000248
411,1006000314
411,1007000380
411,1008000430
411,4001000572
411,4002000642
411,4003000704
411,4004000774
411,4005000856
411,4007000942
411,4008001002
411,4009001062
411,4014001282
411,4016001368
411,4017001427
411,4018001494
411,6002002224
411,6003002274
411,7001002327
411,7003002424
411,7006002525
411,7008002622
411,11002003103
411,12001003158
411,12002003212
411,12004003286
411,13001003378
411,13002003429
411,13003003500
411,15004003598
411,16001003702
411,17001003772
411,19003003924
411,20002003984
411,27001004314
411,30001004546
411,35001004942
412,1002000051
412,1003000117
412,1004000183
412,1005000249
412,1006000315
412,1007000381
412,1008000431
412,4001000573
412,4002000643
412,4003000705
412,4004000775
412,4005000857
412,4007000943
412,4008001003
412,4009001063
412,4014001283
412,4016001369
412,4017001428
412,4018001495
412,6002002225
412,6003002275
412,7001002328
412,7003002425
412,7006002526
412,7008002623
412,11002003104
412,12001003159
412,12002003213
412,12004003287
412,13001003379
412,13002003430
412,13003003501
412,15004003599
412,16001003703
412,17001003773
412,19003003925
412,20002003985
412,27001004315
412,30001004547
412,35001004943
413,2001000489
413,3001000519
413,4010001115
413,4011001155
413,4012001195
413,4013001235
413,5001001543
413,5002001573
413,5003001603
413,5004001633
413,5005001663
413,5006001693
413,5007001723
413,5008001753
413,5009001783
413,5010001813
413,5011001843
413,5012001873
413,5013001903
413,5014001933
413,5015001963
413,5016001993
413,5017002023
413,5018002053
413,5019002083
413,5020002113
413,6001002143
413,7002002383
413,9001002777
413,9002002807
413,9003002837
413,9004002867
413,9005002897
413,9006002927
413,9007002957
413,9008002987
413,10001003017
413,14001003543
413,17003003843
413,20007004073
414,2001000490
414,3001000520
414,4010001116
414,4011001156
414,4012001196
414,4013001236
414,5001001544
414,5002001574
414,5003001604
414,5004001634
414,5005001664
414,5006001694
414,5007001724
414,5008001754
414,5009001784
414,5010001814
414,5011001844
414,5012001874
414,5013001904
414,5014001934
414,5015001964
414,5016001994
414,5017002024
414,5018002054
414,5019002084
414,5020002114
414,6001002144
414,7002002384
414,9001002778
414,9002002808
414,9003002838
414,9004002868
414,9005002898
414,9006002928
414,9007002958
414,9008002988
414,10001003018
414,14001003544
414,17003003844
414,20007004074
415,50016005301
416,1002000052
416,1003000118
416,1004000184
416,1005000250
416,1006000316
416,1007000382
416,1008000432
416,4001000574
416,4002000644
416,4003000706
416,4004000776
416,4005000858
416,4007000944
416,4008001004
416,4009001064
416,4014001284
416,4016001370
416,4017001429
416,4018001496
416,6002002226
416,6003002276
416,7001002329
416,7003002426
416,7006002527
416,7008002624
416,11002003105
416,12001003160
416,12002003214
416,12004003288
416,13001003380
416,13002003431
416,13003003502
416,15004003600
416,16001003704
416,17001003774
416,19003003926
416,20002003986
416,27001004316
416,30001004548
416,35001004944
417,8007002755
417,20008004106
417,25003004212
417,25004004222
417,25005004232
417,25007004248
417,25008004258
417,25009004268
417,26002004290
417,50015005274
418,1001000004
418,1002000020
418,1003000086
418,1004000152
418,1005000218
418,1006000284
418,1007000350
418,1009000466
418,4001000542
418,4001000608
418,4005000820
418,4007000908
418,4015001328
418,4017001430
418,6002002173
418,7001002330
418,7004002467
418,7005002488
418,7007002583
418,11001003061
418,12002003215
418,13002003470
418,16001003738
418,17001003775
418,20006004050
418,30001004549
501,2001000491
501,3001000521
501,4010001117
501,4011001157
501,4012001197
501,4013001237
501,5001001545
501,5002001575
501,5003001605
501,5004001635
501,5005001665
501,5006001695
501,5007001725
501,5008001755
501,5009001785
501,5010001815
501,5011001845
501,5012001875
501,5013001905
501,5014001935
501,5015001965
501,5016001995
501,5017002025
501,5018002055
501,5019002085
501,5020002115
501,6001002145
501,7002002385
501,9001002779
501,9002002809
501,9003002839
501,9004002869
501,9005002899
501,9006002929
501,9007002959
501,9008002989
501,10001003019
501,14001003545
501,17003003845
501,20007004075
502,1002000053
502,1003000119
502,1004000185
502,1005000251
502,1006000317
502,1007000383
502,1008000433
502,4001000575
502,4002000645
502,4003000707
502,4004000777
502,4005000859
502,4007000945
502,4008001005
502,4009001065
502,4014001285
502,4016001371
502,4017001431
502,4018001497
502,6002002227
502,6003002277
502,7001002331
502,7003002427
502,7006002528
502,7008002625
502,11002003106
502,12001003161
502,12002003216
502,12004003289
502,13001003381
502,13002003432
502,13003003503
502,15004003601
502,16001003705
502,17001003776
502,19003003927
502,20002003987
502,27001004317
502,30001004550
502,35001004945
503,50016005302
504,20003004021
504,20007004097
504,28001004357
504,28002004367
504,28004004383
504,28005004393
504,28007004409
504,28008004419
504,28009004429
504,28010004439
504,30010004689
505,4002000646
505,4003000708
505,4004000778
505,4005000821
505,4006000894
505,4007000946
505,4008001006
505,4009001066
505,4010001118
505,4011001158
505,4012001198
505,4013001238
505,4014001286
505,4015001329
505,4016001372
505,4018001498
505,6002002174
505,7003002428
505,7006002529
505,7008002626
505,7011002677
505,8001002687
505,8002002697
505,8003002708
505,8004002724
505,8005002739
505,10003003047
505,11001003062
505,15005003636
505,15006003651
505,15008003667
505,17002003827
505,20004004031
505,20005004041
505,23001004145
505,23002004155
505,23003004165
505,23004004175
505,24002004191
505,36001004979
505,37001005007
505,39001005029
505,39002005039
505,39005005061
506,50016005303
507,50016005304
508,50016005305
509,18001003867
509,18002003877
509,20001003961
509,20009004117
509,31001004759
509,31002004769
509,31003004779
509,31004004789
509,34001004907
510,1002000054
510,1003000120
510,1004000186
510,1005000252
510,1006000318
510,1007000384
510,1008000434
510,4001000576
510,4002000647
510,4003000709
510,4004000779
510,4005000860
510,4007000947
510,4008001007
510,4009001067
510,4014001287
510,4016001373
510,4017001432
510,4018001499
510,6002002228
510,6003002278
510,7001002332
510,7003002429
510,7006002530
510,7008002627
510,11002003107
510,12001003162
510,12002003217
510,12004003290
510,13001003382
510,13002003433
510,13003003504
510,15004003602
510,16001003706
510,17001003777
510,19003003928
510,20002003988
510,27001004318
510,30001004551
510,35001004946
511,1002000055
511,1003000121
511,1004000187
511,1005000253
511,1006000319
511,1007000385
511,1008000435
511,4001000577
511,4002000648
511,4003000710
511,4004000780
511,4005000861
511,4007000948
511,4008001008
511,4009001068
511,4014001288
511,4016001374
511,4017001433
511,4018001500
511,6002002229
511,6003002279
511,7001002333
511,7003002430
511,7006002531
511,7008002628
511,11002003108
511,12001003163
511,12002003218
511,12004003291
511,13001003383
511,13002003434
511,13003003505
511,15004003603
511,16001003707
511,17001003778
511,19003003929
511,20002003989
511,27001004319
511,30001004552
511,35001004947
512,1002000056
512,1003000122
512,1004000188
512,1005000254
512,1006000320
512,1007000386
512,1008000436
512,4001000578
512,4002000649
512,4003000711
512,4004000781
512,4005000862
512,4007000949
512,4008001009
512,4009001069
512,4014001289
512,4016001375
512,4017001434
512,4018001501
512,6002002230
512,6003002280
512,7001002334
512,7003002431
512,7006002532
512,7008002629
512,11002003109
512,12001003164
512,12002003219
512,12004003292
512,13001003384
512,13002003435
512,13003003506
512,15004003604
512,16001003708
512,17001003779
512,19003003930
512,20002003990
512,27001004320
512,30001004553
512,35001004948
513,2001000492
513,3001000522
513,4010001119
513,4011001159
513,4012001199
513,4013001239
513,5001001546
513,5002001576
513,5003001606
513,5004001636
513,5005001666
513,5006001696
513,5007001726
513,5008001756
513,5009001786
513,5010001816
513,5011001846
513,5012001876
513,5013001906
513,5014001936
513,5015001966
513,5016001996
513,5017002026
513,5018002056
513,5019002086
513,5020002116
513,6001002146
513,7002002386
513,9001002780
513,9002002810
513,9003002840
513,9004002870
513,9005002900
513,9006002930
513,9007002960
513,9008002990
513,10001003020
513,14001003546
513,17003003846
513,20007004076
514,2001000493
514,3001000523
514,4010001120
514,4011001160
514,4012001200
514,4013001240
514,5001001547
514,5002001577
514,5003001607
514,5004001637
514,5005001667
514,5006001697
514,5007001727
514,5008001757
514,5009001787
514,5010001817
514,5011001847
514,5012001877
514,5013001907
514,5014001937
514,5015001967
514,5016001997
514,5017002027
514,5018002057
514,5019002087
514,5020002117
514,6001002147
514,7002002387
514,9001002781
514,9002002811
514,9003002841
514,9004002871
514,9005002901
514,9006002931
514,9007002961
514,9008002991
514,10001003021
514,14001003547
514,17003003847
514,20007004077
515,50016005306
516,1002000057
516,1003000123
516,1004000189
516,1005000255
516,1006000321
516,1007000387
516,1008000437
516,4001000579
516,4002000650
516,4003000712
516,4004000782
516,4005000863
516,4007000950
516,4008001010
516,4009001070
516,4014001290
516,4016001376
516,4017001435
516,4018001502
516,6002002231
516,6003002281
516,7001002335
516,7003002432
516,7006002533
516,7008002630
516,11002003110
516,12001003165
516,12002003220
516,12004003293
516,13001003385
516,13002003436
516,13003003507
516,15004003605
516,16001003709
516,17001003780
516,19003003931
516,20002003991
516,27001004321
516,30001004554
516,35001004949
517,8007002756
517,20008004107
517,25003004213
517,25004004223
517,25005004233
517,25007004249
517,25008004259
517,25009004269
517,26002004291
517,50015005275
518,1001000005
518,1002000021
518,1003000087
518,1004000153
518,1005000219
518,1006000285
518,1007000351
518,1009000467
518,4001000543
518,4001000609
518,4005000822
518,4007000909
518,4015001330
518,4017001436
518,6002002175
518,7001002336
518,7004002468
518,7005002489
518,7007002584
518,11001003063
518,12002003221
518,13002003471
518,16001003739
518,17001003781
518,20006004051
518,30001004555
601,2001000494
601,3001000524
601,4010001121
601,4011001161
601,4012001201
601,4013001241
601,5001001548
601,5002001578
601,5003001608
601,5004001638
601,5005001668
601,5006001698
601,5007001728
601,5008001758
601,5009001788
601,5010001818
601,5011001848
601,5012001878
601,5013001908
601,5014001938
601,5015001968
601,5016001998
601,5017002028
601,5018002058
601,5019002088
601,5020002118
601,6001002148
601,7002002388
601,9001002782
601,9002002812
601,9003002842
601,9004002872
601,9005002902
601,9006002932
601,9007002962
601,9008002992
601,10001003022
601,14001003548
601,17003003848
601,20007004078
602,1002000058
602,1003000124
602,1004000190
602,1005000256
602,1006000322
602,1007000388
602,1008000438
602,4001000580
602,4002000651
602,4003000713
602,4004000783
602,4005000864
602,4007000951
602,4008001011
602,4009001071
602,4014001291
602,4016001377
602,4017001437
602,4018001503
602,6002002232
602,6003002282
602,7001002337
602,7003002433
602,7006002534
602,7008002631
602,11002003111
602,12001003166
602,12002003222
602,12004003294
602,13001003386
602,13002003437
602,13003003508
602,15004003606
602,16001003710
602,17001003782
602,19003003932
602,20002003992
602,27001004322
602,30001004556
602,35001004950
603,50016005307
604,20003004022
604,20007004098
604,28001004358
604,28002004368
604,28004004384
604,28005004394
604,28007004410
604,28008004420
604,28009004430
604,28010004440
604,30010004690
605,4002000652
605,4003000714
605,4004000784
605,4005000823
605,4006000895
605,4007000952
605,4008001012
605,4009001072
605,4010001122
605,4011001162
605,4012001202
605,4013001242
605,4014001292
605,4015001331
605,4016001378
605,4018001504
605,6002002176
605,7003002434
605,7006002535
605,7008002632
605,7011002678
605,8001002688
605,8002002698
605,8003002709
605,8004002725
605,8005002740
605,10003003048
605,11001003064
605,15005003637
605,15006003652
605,15008003668
605,17002003828
605,20004004032
605,20005004042
605,23001004146
605,23002004156
605,23003004166
605,23004004176
605,24002004192
605,36001004980
605,37001005008
605,39001005030
605,39002005040
605,39005005062
606,50016005308
607,50016005309
608,50016005310
609,18001003868
609,18002003878
609,20001003962
609,20009004118
609,31001004760
609,31002004770
609,31003004780
609,31004004790
609,34001004908
610,1002000059
610,1003000125
610,1004000191
610,1005000257
610,1006000323
610,1007000389
610,1008000439
610,4001000581
610,4002000653
610,4003000715
610,4004000785
610,4005000865
610,4007000953
610,4008001013
610,4009001073
610,4014001293
610,4016001379
610,4017001438
610,4018001505
610,6002002233
610,6003002283
610,7001002338
610,7003002435
610,7006002536
610,7008002633
610,11002003112
610,12001003167
610,12002003223
610,12004003295
610,13001003387
610,13002003438
610,13003003509
610,15004003607
610,16001003711
610,17001003783
610,19003003933
610,20002003993
610,27001004323
610,30001004557
610,35001004951
611,1002000060
611,1003000126
611,1004000192
611,1005000258
611,1006000324
611,1007000390
611,1008000440
611,4001000582
611,4002000654
611,4003000716
611,4004000786
611,4005000866
611,4007000954
611,4008001014
611,4009001074
611,4014001294
611,4016001380
611,4017001439
611,4018001506
611,6002002234
611,6003002284
611,7001002339
611,7003002436
611,7006002537
611,7008002634
611,11002003113
611,12001003168
611,12002003224
611,12004003296
611,13001003388
611,13002003439
611,13003003510
611,15004003608
611,16001003712
611,17001003784
611,19003003934
611,20002003994
611,27001004324
611,30001004558
611,35001004952
612,1002000061
612,1003000127
612,1004000193
612,1005000259
612,1006000325
612,1007000391
612,1008000441
612,4001000583
612,4002000655
612,4003000717
612,4004000787
612,4005000867
612,4007000955
612,4008001015
612,4009001075
612,4014001295
612,4016001381
612,4017001440
612,4018001507
612,6002002235
612,6003002285
612,7001002340
612,7003002437
612,7006002538
612,7008002635
612,11002003114
612,12001003169
612,12002003225
612,12004003297
612,13001003389
612,13002003440
612,13003003511
612,15004003609
612,16001003713
612,17001003785
612,19003003935
612,20002003995
612,27001004325
612,30001004559
612,35001004953
613,2001000495
613,3001000525
613,4010001123
613,4011001163
613,4012001203
613,4013001243
613,5001001549
613,5002001579
613,5003001609
613,5004001639
613,5005001669
613,5006001699
613,5007001729
613,5008001759
613,5009001789
613,5010001819
613,5011001849
613,5012001879
613,5013001909
613,5014001939
613,5015001969
613,5016001999
613,5017002029
613,5018002059
613,5019002089
613,5020002119
613,6001002149
613,7002002389
613,9001002783
613,9002002813
613,9003002843
613,9004002873
613,9005002903
613,9006002933
613,9007002963
613,9008002993
613,10001003023
613,14001003549
613,17003003849
613,20007004079
614,2001000496
614,3001000526
614,4010001124
614,4011001164
614,4012001204
614,4013001244
614,5001001550
614,5002001580
614,5003001610
614,5004001640
614,5005001670
614,5006001700
614,5007001730
614,5008001760
614,5009001790
614,5010001820
614,5011001850
614,5012001880
614,5013001910
614,5014001940
614,5015001970
614,5016002000
614,5017002030
614,5018002060
614,5019002090
614,5020002120
614,6001002150
614,7002002390
614,9001002784
614,9002002814
614,9003002844
614,9004002874
614,9005002904
614,9006002934
614,9007002964
614,9008002994
614,10001003024
614,14001003550
614,17003003850
614,20007004080
615,50016005311
616,1002000062
616,1003000128
616,1004000194
616,1005000260
616,1006000326
616,1007000392
616,1008000442
616,4001000584
616,4002000656
616,4003000718
616,4004000788
616,4005000868
616,4007000956
616,4008001016
616,4009001076
616,4014001296
616,4016001382
616,4017001441
616,4018001508
616,6002002236
616,6003002286
616,7001002341
616,7003002438
616,7006002539
616,7008002636
616,11002003115
616,12001003170
616,12002003226
616,12004003298
616,13001003390
616,13002003441
616,13003003512
616,15004003610
616,16001003714
616,17001003786
616,19003003936
616,20002003996
616,27001004326
616,30001004560
616,35001004954
617,8007002757
617,20008004108
617,25003004214
617,25004004224
617,25005004234
617,25007004250
617,25008004260
617,25009004270
617,26002004292
617,50015005276
618,1001000006
618,1002000022
618,1003000088
618,1004000154
618,1005000220
618,1006000286
618,1007000352
618,1009000468
618,4001000544
618,4001000610
618,4005000824
618,4007000910
618,4015001332
618,4017001442
618,6002002177
618,7001002342
618,7004002469
618,7005002490
618,7007002585
618,11001003065
618,12002003227
618,13002003472
618,16001003740
618,17001003787
618,20006004052
618,30001004561
701,2001000497
701,3001000527
701,4010001125
701,4011001165
701,4012001205
701,4013001245
701,5001001551
701,5002001581
701,5003001611
701,5004001641
701,5005001671
701,5006001701
701,5007001731
701,5008001761
701,5009001791
701,5010001821
701,5011001851
701,5012001881
701,5013001911
701,5014001941
701,5015001971
701,5016002001
701,5017002031
701,5018002061
701,5019002091
701,5020002121
701,6001002151
701,7002002391
701,9001002785
701,9002002815
701,9003002845
701,9004002875
701,9005002905
701,9006002935
701,9007002965
701,9008002995
701,10001003025
701,14001003551
701,17003003851
701,20007004081
702,1002000063
702,1003000129
702,1004000195
702,1005000261
702,1006000327
702,1007000393
702,1008000443
702,4001000585
702,4002000657
702,4003000719
702,4004000789
702,4005000869
702,4007000957
702,4008001017
702,4009001077
702,4014001297
702,4016001383
702,4017001443
702,4018001509
702,6002002237
702,6003002287
702,7001002343
702,7003002439
702,7006002540
702,7008002637
702,11002003116
702,12001003171
702,12002003228
702,12004003299
702,13001003391
702,13002003442
702,13003003513
702,15004003611
702,16001003715
702,17001003788
702,19003003937
702,20002003997
702,27001004327
702,30001004562
702,35001004955
703,50016005312
704,20003004023
704,20007004099
704,28001004359
704,28002004369
704,28004004385
704,28005004395
704,28007004411
704,28008004421
704,28009004431
704,28010004441
704,30010004691
705,4002000658
705,4003000720
705,4004000790
705,4005000825
705,4006000896
705,4007000958
705,4008001018
705,4009001078
705,4010001126
705,4011001166
705,4012001206
705,4013001246
705,4014001298
705,4015001333
705,4016001384
705,4018001510
705,6002002178
705,7003002440
705,7006002541
705,7008002638
705,7011002679
705,8001002689
705,8002002699
705,8003002710
705,8004002726
705,8005002741
705,10003003049
705,11001003066
705,15005003638
705,15006003653
705,15008003669
705,17002003829
705,20004004033
705,20005004043
705,23001004147
705,23002004157
705,23003004167
705,23004004177
705,24002004193
705,36001004981
705,37001005009
705,39001005031
705,39002005041
705,39005005063
706,50016005313
707,50016005314
708,50016005315
709,18001003869
709,18002003879
709,20001003963
709,20009004119
709,31001004761
709,31002004771
709,31003004781
709,31004004791
709,34001004909
710,1002000064
710,1003000130
710,1004000196
710,1005000262
710,1006000328
710,1007000394
710,1008000444
710,4001000586
710,4002000659
710,4003000721
710,4004000791
710,4005000870
710,4007000959
710,4008001019
710,4009001079
710,4014001299
710,4016001385
710,4017001444
710,4018001511
710,6002002238
710,6003002288
710,7001002344
710,7003002441
710,7006002542
710,7008002639
710,11002003117
710,12001003172
710,12002003229
710,12004003300
710,13001003392
710,13002003443
710,13003003514
710,15004003612
710,16001003716
710,17001003789
710,19003003938
710,20002003998
710,27001004328
710,30001004563
710,35001004956
711,1002000065
711,1003000131
711,1004000197
711,1005000263
711,1006000329
711,1007000395
711,1008000445
711,4001000587
711,4002000660
711,4003000722
711,4004000792
711,4005000871
711,4007000960
711,4008001020
711,4009001080
711,4014001300
711,4016001386
711,4017001445
711,4018001512
711,6002002239
711,6003002289
711,7001002345
711,7003002442
711,7006002543
711,7008002640
711,11002003118
711,12001003173
711,12002003230
711,12004003301
711,13001003393
711,13002003444
711,13003003515
711,15004003613
711,16001003717
711,17001003790
711,19003003939
711,20002003999
711,27001004329
711,30001004564
711,35001004957
712,1002000066
712,1003000132
712,1004000198
712,1005000264
712,1006000330
712,1007000396
712,1008000446
712,4001000588
712,4002000661
712,4003000723
712,4004000793
712,4005000872
712,4007000961
712,4008001021
712,4009001081
712,4014001301
712,4016001387
712,4017001446
712,4018001513
712,6002002240
712,6003002290
712,7001002346
712,7003002443
712,7006002544
712,7008002641
712,11002003119
712,12001003174
712,12002003231
712,12004003302
712,13001003394
712,13002003445
712,13003003516
712,15004003614
712,16001003718
712,17001003791
712,19003003940
712,20002004000
712,27001004330
712,30001004565
712,35001004958
713,2001000498
713,3001000528
713,4010001127
713,4011001167
713,4012001207
713,4013001247
713,5001001552
713,5002001582
713,5003001612
713,5004001642
713,5005001672
713,5006001702
713,5007001732
713,5008001762
713,5009001792
713,5010001822
713,5011001852
713,5012001882
713,5013001912
713,5014001942
713,5015001972
713,5016002002
713,5017002032
713,5018002062
713,5019002092
713,5020002122
713,6001002152
713,7002002392
713,9001002786
713,9002002816
713,9003002846
713,9004002876
713,9005002906
713,9006002936
713,9007002966
713,9008002996
713,10001003026
713,14001003552
713,17003003852
713,20007004082
714,2001000499
714,3001000529
714,4010001128
714,4011001168
714,4012001208
714,4013001248
714,5001001553
714,5002001583
714,5003001613
714,5004001643
714,5005001673
714,5006001703
714,5007001733
714,5008001763
714,5009001793
714,5010001823
714,5011001853
714,5012001883
714,5013001913
714,5014001943
714,5015001973
714,5016002003
714,5017002033
714,5018002063
714,5019002093
714,5020002123
714,6001002153
714,7002002393
714,9001002787
714,9002002817
714,9003002847
714,9004002877
714,9005002907
714,9006002937
714,9007002967
714,9008002997
714,10001003027
714,14001003553
714,17003003853
714,20007004083
715,50016005316
716,1002000067
716,1003000133
716,1004000199
716,1005000265
716,1006000331
716,1007000397
716,1008000447
716,4001000589
716,4002000662
716,4003000724
716,4004000794
716,4005000873
716,4007000962
716,4008001022
716,4009001082
716,4014001302
716,4016001388
716,4017001447
716,4018001514
716,6002002241
716,6003002291
716,7001002347
716,7003002444
716,7006002545
716,7008002642
716,11002003120
716,12001003175
716,12002003232
716,12004003303
716,13001003395
716,13002003446
716,13003003517
716,15004003615
716,16001003719
716,17001003792
716,19003003941
716,20002004001
716,27001004331
716,30001004566
716,35001004959
717,8007002758
717,20008004109
717,25003004215
717,25004004225
717,25005004235
717,25007004251
717,25008004261
717,25009004271
717,26002004293
717,50015005277
718,1001000007
718,1002000023
718,1003000089
718,1004000155
718,1005000221
718,1006000287
718,1007000353
718,1009000469
718,4001000545
718,4001000611
718,4005000826
718,4007000911
718,4015001334
718,4017001448
718,6002002179
718,7001002348
718,7004002470
718,7005002491
718,7007002586
718,11001003067
718,12002003233
718,13002003473
718,16001003741
718,17001003793
718,20006004053
718,30001004567
801,2001000500
801,3001000530
801,4010001129
801,4011001169
801,4012001209
801,4013001249
801,5001001554
801,5002001584
801,5003001614
801,5004001644
801,5005001674
801,5006001704
801,5007001734
801,5008001764
801,5009001794
801,5010001824
801,5011001854
801,5012001884
801,5013001914
801,5014001944
801,5015001974
801,5016002004
801,5017002034
801,5018002064
801,5019002094
801,5020002124
801,6001002154
801,7002002394
801,9001002788
801,9002002818
801,9003002848
801,9004002878
801,9005002908
801,9006002938
801,9007002968
801,9008002998
801,10001003028
801,14001003554
801,17003003854
801,20007004084
802,1002000068
802,1003000134
802,1004000200
802,1005000266
802,1006000332
802,1007000398
802,1008000448
802,4001000590
802,4002000663
802,4003000725
802,4004000795
802,4005000874
802,4007000963
802,4008001023
802,4009001083
802,4014001303
802,4016001389
802,4017001449
802,4018001515
802,6002002242
802,6003002292
802,7001002349
802,7003002445
802,7006002546
802,7008002643
802,11002003121
802,12001003176
802,12002003234
802,12004003304
802,13001003396
802,13002003447
802,13003003518
802,15004003616
802,16001003720
802,17001003794
802,19003003942
802,20002004002
802,27001004332
802,30001004568
802,35001004960
803,50016005317
804,20003004024
804,20007004100
804,28001004360
804,28002004370
804,28004004386
804,28005004396
804,28007004412
804,28008004422
804,28009004432
804,28010004442
804,30010004692
805,4002000664
805,4003000726
805,4004000796
805,4005000827
805,4006000897
805,4007000964
805,4008001024
805,4009001084
805,4010001130
805,4011001170
805,4012001210
805,4013001250
805,4014001304
805,4015001335
805,4016001390
805,4018001516
805,6002002180
805,7003002446
805,7006002547
805,7008002644
805,7011002680
805,8001002690
805,8002002700
805,8003002711
805,8004002727
805,8005002742
805,10003003050
805,11001003068
805,15005003639
805,15006003654
805,15008003670
805,17002003830
805,20004004034
805,20005004044
805,23001004148
805,23002004158
805,23003004168
805,23004004178
805,24002004194
805,36001004982
805,37001005010
805,39001005032
805,39002005042
805,39005005064
806,50016005318
807,50016005319
808,50016005320
809,18001003870
809,18002003880
809,20001003964
809,20009004120
809,31001004762
809,31002004772
809,31003004782
809,31004004792
809,34001004910
810,1002000069
810,1003000135
810,1004000201
810,1005000267
810,1006000333
810,1007000399
810,1008000449
810,4001000591
810,4002000665
810,4003000727
810,4004000797
810,4005000875
810,4007000965
810,4008001025
810,4009001085
810,4014001305
810,4016001391
810,4017001450
810,4018001517
810,6002002243
810,6003002293
810,7001002350
810,7003002447
810,7006002548
810,7008002645
810,11002003122
810,12001003177
810,12002003235
810,12004003305
810,13001003397
810,13002003448
810,13003003519
810,15004003617
810,16001003721
810,17001003795
810,19003003943
810,20002004003
810,27001004333
810,30001004569
810,35001004961
811,1002000070
811,1003000136
811,1004000202
811,1005000268
811,1006000334
811,1007000400
811,1008000450
811,4001000592
811,4002000666
811,4003000728
811,4004000798
811,4005000876
811,4007000966
811,4008001026
811,4009001086
811,4014001306
811,4016001392
811,4017001451
811,4018001518
811,6002002244
811,6003002294
811,7001002351
811,7003002448
811,7006002549
811,7008002646
811,11002003123
811,12001003178
811,12002003236
811,12004003306
811,13001003398
811,13002003449
811,13003003520
811,15004003618
811,16001003722
811,17001003796
811,19003003944
811,20002004004
811,27001004334
811,30001004570
811,35001004962
812,1002000071
812,1003000137
812,1004000203
812,1005000269
812,1006000335
812,1007000401
812,1008000451
812,4001000593
812,4002000667
812,4003000729
812,4004000799
812,4005000877
812,4007000967
812,4008001027
812,4009001087
812,4014001307
812,4016001393
812,4017001452
812,4018001519
812,6002002245
812,6003002295
812,7001002352
812,7003002449
812,7006002550
812,7008002647
812,11002003124
812,12001003179
812,12002003237
812,12004003307
812,13001003399
812,13002003450
812,13003003521
812,15004003619
812,16001003723
812,17001003797
812,19003003945
812,20002004005
812,27001004335
812,30001004571
812,35001004963
813,2001000501
813,3001000531
813,4010001131
813,4011001171
813,4012001211
813,4013001251
813,5001001555
813,5002001585
813,5003001615
813,5004001645
813,5005001675
813,5006001705
813,5007001735
813,5008001765
813,5009001795
813,5010001825
813,5011001855
813,5012001885
813,5013001915
813,5014001945
813,5015001975
813,5016002005
813,5017002035
813,5018002065
813,5019002095
813,5020002125
813,6001002155
813,7002002395
813,9001002789
813,9002002819
813,9003002849
813,9004002879
813,9005002909
813,9006002939
813,9007002969
813,9008002999
813,10001003029
813,14001003555
813,17003003855
813,20007004085
814,2001000502
814,3001000532
814,4010001132
814,4011001172
814,4012001212
814,4013001252
814,5001001556
814,5002001586
814,5003001616
814,5004001646
814,5005001676
814,5006001706
814,5007001736
814,5008001766
814,5009001796
814,5010001826
814,5011001856
814,5012001886
814,5013001916
814,5014001946
814,5015001976
814,5016002006
814,5017002036
814,5018002066
814,5019002096
814,5020002126
814,6001002156
814,7002002396
814,9001002790
814,9002002820
814,9003002850
814,9004002880
814,9005002910
814,9006002940
814,9007002970
814,9008003000
814,10001003030
814,14001003556
814,17003003856
814,20007004086
815,50016005321
816,1002000072
816,1003000138
816,1004000204
816,1005000270
816,1006000336
816,1007000402
816,1008000452
816,4001000594
816,4002000668
816,4003000730
816,4004000800
816,4005000878
816,4007000968
816,4008001028
816,4009001088
816,4014001308
816,4016001394
816,4017001453
816,4018001520
816,6002002246
816,6003002296
816,7001002353
816,7003002450
816,7006002551
816,7008002648
816,11002003125
816,12001003180
816,12002003238
816,12004003308
816,13001003400
816,13002003451
816,13003003522
816,15004003620
816,16001003724
816,17001003798
816,19003003946
816,20002004006
816,27001004336
816,30001004572
816,35001004964
817,8007002759
817,20008004110
817,25003004216
817,25004004226
817,25005004236
817,25007004252
817,25008004262
817,25009004272
817,26002004294
817,50015005278
818,1001000008
818,1002000024
818,1003000090
818,1004000156
818,1005000222
818,1006000288
818,1007000354
818,1009000470
818,4001000546
818,4001000612
818,4005000828
818,4007000912
818,4015001336
818,4017001454
818,6002002181
818,7001002354
818,7004002471
818,7005002492
818,7007002587
818,11001003069
818,12002003239
818,13002003474
818,16001003742
818,17001003799
818,20006004054
818,30001004573
901,2001000503
901,3001000533
901,4010001133
901,4011001173
901,4012001213
901,4013001253
901,5001001557
901,5002001587
901,5003001617
901,5004001647
901,5005001677
901,5006001707
901,5007001737
901,5008001767
901,5009001797
901,5010001827
901,5011001857
901,5012001887
901,5013001917
901,5014001947
901,5015001977
901,5016002007
901,5017002037
901,5018002067
901,5019002097
901,5020002127
901,6001002157
901,7002002397
901,9001002791
901,9002002821
901,9003002851
901,9004002881
901,9005002911
901,9006002941
901,9007002971
901,9008003001
901,10001003031
901,14001003557
901,17003003857
901,20007004087
902,1002000073
902,1003000139
902,1004000205
902,1005000271
902,1006000337
902,1007000403
902,1008000453
902,4001000595
902,4002000669
902,4003000731
902,4004000801
902,4005000879
902,4007000969
902,4008001029
902,4009001089
902,4014001309
902,4016001395
902,4017001455
902,4018001521
902,6002002247
902,6003002297
902,7001002355
902,7003002451
902,7006002552
902,7008002649
902,11002003126
902,12001003181
902,12002003240
902,12004003309
902,13001003401
902,13002003452
902,13003003523
902,15004003621
902,16001003725
902,17001003800
902,19003003947
902,20002004007
902,27001004337
902,30001004574
902,35001004965
903,50016005322
904,20003004025
904,20007004101
904,28001004361
904,28002004371
904,28004004387
904,28005004397
904,28007004413
904,28008004423
904,28009004433
904,28010004443
904,30010004693
905,4002000670
905,4003000732
905,4004000802
905,4005000829
905,4006000898
905,4007000970
905,4008001030
905,4009001090
905,4010001134
905,4011001174
905,4012001214
905,4013001254
905,4014001310
905,4015001337
905,4016001396
905,4018001522
905,6002002182
905,7003002452
905,7006002553
905,7008002650
905,7011002681
905,8001002691
905,8002002701
905,8003002712
905,8004002728
905,8005002743
905,10003003051
905,11001003070
905,15005003640
905,15006003655
905,15008003671
905,17002003831
905,20004004035
905,20005004045
905,23001004149
905,23002004159
905,23003004169
905,23004004179
905,24002004195
905,36001004983
905,37001005011
905,39001005033
905,39002005043
905,39005005065
906,50016005323
907,50016005324
908,50016005325
909,18001003871
909,18002003881
909,20001003965
909,20009004121
909,31001004763
909,31002004773
909,31003004783
909,31004004793
909,34001004911
910,1002000074
910,1003000140
910,1004000206
910,1005000272
910,1006000338
910,1007000404
910,1008000454
910,4001000596
910,4002000671
910,4003000733
910,4004000803
910,4005000880
910,4007000971
910,4008001031
910,4009001091
910,4014001311
910,4016001397
910,4017001456
910,4018001523
910,6002002248
910,6003002298
910,7001002356
910,7003002453
910,7006002554
910,7008002651
910,11002003127
910,12001003182
910,12002003241
910,12004003310
910,13001003402
910,13002003453
910,13003003524
910,15004003622
910,16001003726
910,17001003801
910,19003003948
910,20002004008
910,27001004338
910,30001004575
910,35001004966
911,1002000075
911,1003000141
911,1004000207
911,1005000273
911,1006000339
911,1007000405
911,1008000455
911,4001000597
911,4002000672
911,4003000734
911,4004000804
911,4005000881
911,4007000972
911,4008001032
911,4009001092
911,4014001312
911,4016001398
911,4017001457
911,4018001524
911,6002002249
911,6003002299
911,7001002357
911,7003002454
911,7006002555
911,7008002652
911,11002003128
911,12001003183
911,12002003242
911,12004003311
911,13001003403
911,13002003454
911,13003003525
911,15004003623
911,16001003727
911,17001003802
911,19003003949
911,20002004009
911,27001004339
911,30001004576
911,35001004967
912,1002000076
912,1003000142
912,1004000208
912,1005000274
912,1006000340
912,1007000406
912,1008000456
912,4001000598
912,4002000673
912,4003000735
912,4004000805
912,4005000882
912,4007000973
912,4008001033
912,4009001093
912,4014001313
912,4016001399
912,4017001458
912,4018001525
912,6002002250
912,6003002300
912,7001002358
912,7003002455
912,7006002556
912,7008002653
912,11002003129
912,12001003184
912,12002003243
912,12004003312
912,13001003404
912,13002003455
912,13003003526
912,15004003624
912,16001003728
912,17001003803
912,19003003950
912,20002004010
912,27001004340
912,30001004577
912,35001004968
913,2001000504
913,3001000534
913,4010001135
913,4011001175
913,4012001215
913,4013001255
913,5001001558
913,5002001588
913,5003001618
913,5004001648
913,5005001678
913,5006001708
913,5007001738
913,5008001768
913,5009001798
913,5010001828
913,5011001858
913,5012001888
913,5013001918
913,5014001948
913,5015001978
913,5016002008
913,5017002038
913,5018002068
913,5019002098
913,5020002128
913,6001002158
913,7002002398
913,9001002792
913,9002002822
913,9003002852
913,9004002882
913,9005002912
913,9006002942
913,9007002972
913,9008003002
913,10001003032
913,14001003558
913,17003003858
913,20007004088
914,2001000505
914,3001000535
914,4010001136
914,4011001176
914,4012001216
914,4013001256
914,5001001559
914,5002001589
914,5003001619
914,5004001649
914,5005001679
914,5006001709
914,5007001739
914,5008001769
914,5009001799
914,5010001829
914,5011001859
914,5012001889
914,5013001919
914,5014001949
914,5015001979
914,5016002009
914,5017002039
914,5018002069
914,5019002099
914,5020002129
914,6001002159
914,7002002399
914,9001002793
914,9002002823
914,9003002853
914,9004002883
914,9005002913
914,9006002943
914,9007002973
914,9008003003
914,10001003033
914,14001003559
914,17003003859
914,20007004089
915,50016005326
916,1002000077
916,1003000143
916,1004000209
916,1005000275
916,1006000341
916,1007000407
916,1008000457
916,4001000599
916,4002000674
916,4003000736
916,4004000806
916,4005000883
916,4007000974
916,4008001034
916,4009001094
916,4014001314
916,4016001400
916,4017001459
916,4018001526
916,6002002251
916,6003002301
916,7001002359
916,7003002456
916,7006002557
916,7008002654
916,11002003130
916,12001003185
916,12002003244
916,12004003313
916,13001003405
916,13002003456
916,13003003527
916,15004003625
916,16001003729
916,17001003804
916,19003003951
916,20002004011
916,27001004341
916,30001004578
916,35001004969
917,8007002760
917,20008004111
917,25003004217
917,25004004227
917,25005004237
917,25007004253
917,25008004263
917,25009004273
917,26002004295
917,50015005279
918,1001000009
918,1002000025
918,1003000091
918,1004000157
918,1005000223
918,1006000289
918,1007000355
918,1009000471
918,4001000547
918,4001000613
918,4005000830
918,4007000913
918,4015001338
918,4017001460
918,6002002183
918,7001002360
918,7004002472
918,7005002493
918,7007002588
918,11001003071
918,12002003245
918,13002003475
918,16001003743
918,17001003805
918,20006004055
918,30001004579
1001,2001000506
1001,3001000536
1001,4010001137
1001,4011001177
1001,4012001217
1001,4013001257
1001,5001001560
1001,5002001590
1001,5003001620
1001,5004001650
1001,5005001680
1001,5006001710
1001,5007001740
1001,5008001770
1001,5009001800
1001,5010001830
1001,5011001860
1001,5012001890
1001,5013001920
1001,5014001950
1001,5015001980
1001,5016002010
1001,5017002040
1001,5018002070
1001,5019002100
1001,5020002130
1001,6001002160
1001,7002002400
1001,9001002794
1001,9002002824
1001,9003002854
1001,9004002884
1001,9005002914
1001,9006002944
1001,9007002974
1001,9008003004
1001,10001003034
1001,14001003560
1001,17003003860
1001,20007004090
1002,1002000078
1002,1003000144
1002,1004000210
1002,1005000276
1002,1006000342
1002,1007000408
1002,1008000458
1002,4001000600
1002,4002000675
1002,4003000737
1002,4004000807
1002,4005000884
1002,4007000975
1002,4008001035
1002,4009001095
1002,4014001315
1002,4016001401
1002,4017001467
1002,4018001527
1002,6002002252
1002,6003002302
1002,7001002367
1002,7003002457
1002,7006002558
1002,7008002655
1002,11002003131
1002,12001003186
1002,12002003252
1002,12004003314
1002,13001003406
1002,13002003457
1002,13003003528
1002,15004003626
1002,16001003730
1002,17001003812
1002,19003003952
1002,20002004012
1002,27001004342
1002,30001004586
1002,35001004970
1003,50016005327
1004,20003004026
1004,20007004102
1004,28001004362
1004,28002004372
1004,28004004388
1004,28005004398
1004,28007004414
1004,28008004424
1004,28009004434
1004,28010004444
1004,30010004694
1005,4002000676
1005,4003000738
1005,4004000808
1005,4005000837
1005,4006000899
1005,4007000976
1005,4008001036
1005,4009001096
1005,4010001138
1005,4011001178
1005,4012001218
1005,4013001258
1005,4014001316
1005,4015001345
1005,4016001402
1005,4018001528
1005,6002002190
1005,7003002458
1005,7006002559
1005,7008002656
1005,7011002682
1005,8001002692
1005,8002002702
1005,8003002713
1005,8004002729
1005,8005002744
1005,10003003052
1005,11001003078
1005,15005003641
1005,15006003656
1005,15008003672
1005,17002003832
1005,20004004036
1005,20005004046
1005,23001004150
1005,23002004160
1005,23003004170
1005,23004004180
1005,24002004196
1005,36001004984
1005,37001005012
1005,39001005034
1005,39002005044
1005,39005005066
1006,50016005328
1007,50016005329
1008,50016005330
1009,18001003872
1009,18002003882
1009,20001003966
1009,20009004122
1009,31001004764
1009,31002004774
1009,31003004784
1009,31004004794
1009,34001004912
1010,1002000079
1010,1003000145
1010,1004000211
1010,1005000277
1010,1006000343
1010,1007000409
1010,1008000459
1010,4001000601
1010,4002000677
1010,4003000739
1010,4004000809
1010,4005000885
1010,4007000977
1010,4008001037
1010,4009001097
1010,4014001317
1010,4016001403
1010,4017001468
1010,4018001529
1010,6002002253
1010,6003002303
1010,7001002368
1010,7003002459
1010,7006002560
1010,7008002657
1010,11002003132
1010,12001003187
1010,12002003253
1010,12004003315
1010,13001003407
1010,13002003458
1010,13003003529
1010,15004003627
1010,16001003731
1010,17001003813
1010,19003003953
1010,20002004013
1010,27001004343
1010,30001004587
1010,35001004971
1011,1002000080
1011,1003000146
1011,1004000212
1011,1005000278
1011,1006000344
1011,1007000410
1011,1008000460
1011,4001000602
1011,4002000678
1011,4003000740
1011,4004000810
1011,4005000886
1011,4007000978
1011,4008001038
1011,4009001098
1011,4014001318
1011,4016001404
1011,4017001469
1011,4018001530
1011,6002002254
1011,6003002304
1011,7001002369
1011,7003002460
1011,7006002561
1011,7008002658
1011,11002003133
1011,12001003188
1011,12002003254
1011,12004003316
1011,13001003408
1011,13002003459
1011,13003003530
1011,15004003628
1011,16001003732
1011,17001003814
1011,19003003954
1011,20002004014
1011,27001004344
1011,30001004588
1011,35001004972
1012,1002000081
1012,1003000147
1012,1004000213
1012,1005000279
1012,1006000345
1012,1007000411
1012,1008000461
1012,4001000603
1012,4002000679
1012,4003000741
1012,4004000811
1012,4005000887
1012,4007000979
1012,4008001039
1012,4009001099
1012,4014001319
1012,4016001405
1012,4017001470
1012,4018001531
1012,6002002255
1012,6003002305
1012,7001002370
1012,7003002461
1012,7006002562
1012,7008002659
1012,11002003134
1012,12001003189
1012,12002003255
1012,12004003317
1012,13001003409
1012,13002003460
1012,13003003531
1012,15004003629
1012,16001003733
1012,17001003815
1012,19003003955
1012,20002004015
1012,27001004345
1012,30001004589
1012,35001004973
1013,2001000507
1013,3001000537
1013,4010001139
1013,4011001179
1013,4012001219
1013,4013001259
1013,5001001561
1013,5002001591
1013,5003001621
1013,5004001651
1013,5005001681
1013,5006001711
1013,5007001741
1013,5008001771
1013,5009001801
1013,5010001831
1013,5011001861
1013,5012001891
1013,5013001921
1013,5014001951
1013,5015001981
1013,5016002011
1013,5017002041
1013,5018002071
1013,5019002101
1013,5020002131
1013,6001002161
1013,7002002401
1013,9001002795
1013,9002002825
1013,9003002855
1013,9004002885
1013,9005002915
1013,9006002945
1013,9007002975
1013,9008003005
1013,10001003035
1013,14001003561
1013,17003003861
1013,20007004091
1014,2001000508
1014,3001000538
1014,4010001140
1014,4011001180
1014,4012001220
1014,4013001260
1014,5001001562
1014,5002001592
1014,5003001622
1014,5004001652
1014,5005001682
1014,5006001712
1014,5007001742
1014,5008001772
1014,5009001802
1014,5010001832
1014,5011001862
1014,5012001892
1014,5013001922
1014,5014001952
1014,5015001982
1014,5016002012
1014,5017002042
1014,5018002072
1014,5019002102
1014,5020002132
1014,6001002162
1014,7002002402
1014,9001002796
1014,9002002826
1014,9003002856
1014,9004002886
1014,9005002916
1014,9006002946
1014,9007002976
1014,9008003006
1014,10001003036
1014,14001003562
1014,17003003862
1014,20007004092
1015,50016005331
1016,1002000082
1016,1003000148
1016,1004000214
1016,1005000280
1016,1006000346
1016,1007000412
1016,1008000462
1016,4001000604
1016,4002000680
1016,4003000742
1016,4004000812
1016,4005000888
1016,4007000980
1016,4008001040
1016,4009001100
1016,4014001320
1016,4016001406
1016,4017001471
1016,4018001532
1016,6002002256
1016,6003002306
1016,7001002371
1016,7003002462
1016,7006002563
1016,7008002660
1016,11002003135
1016,12001003190
1016,12002003256
1016,12004003318
1016,13001003410
1016,13002003461
1016,13003003532
1016,15004003630
1016,16001003734
1016,17001003816
1016,19003003956
1016,20002004016
1016,27001004346
1016,30001004590
1016,35001004974
1017,8007002761
1017,20008004112
1017,25003004218
1017,25004004228
1017,25005004238
1017,25007004254
1017,25008004264
1017,25009004274
1017,26002004296
1017,50015005280
1018,1001000016
1018,1002000032
1018,1003000098
1018,1004000164
1018,1005000230
1018,1006000296
1018,1007000362
1018,1009000478
1018,4001000554
1018,4001000620
1018,4005000838
1018,4007000920
1018,4015001346
1018,4017001472
1018,6002002191
1018,7001002372
1018,7004002479
1018,7005002500
1018,7007002595
1018,11001003079
1018,12002003257
1018,13002003482
1018,16001003750
1018,17001003817
1018,20006004062
1018,30001004591
1118,1001000010
1118,1002000026
1118,1003000092
1118,1004000158
1118,1005000224
1118,1006000290
1118,1007000356
1118,1009000472
1118,4001000548
1118,4001000614
1118,4005000831
1118,4007000914
1118,4015001339
1118,4017001461
1118,6002002184
1118,7001002361
1118,7004002473
1118,7005002494
1118,7007002589
1118,11001003072
1118,12002003246
1118,13002003476
1118,16001003744
1118,17001003806
1118,20006004056
1118,30001004580
1218,1001000011
1218,1002000027
1218,1003000093
1218,1004000159
1218,1005000225
1218,1006000291
1218,1007000357
1218,1009000473
1218,4001000549
1218,4001000615
1218,4005000832
1218,4007000915
1218,4015001340
1218,4017001462
1218,6002002185
1218,7001002362
1218,7004002474
1218,7005002495
1218,7007002590
1218,11001003073
1218,12002003247
1218,13002003477
1218,16001003745
1218,17001003807
1218,20006004057
1218,30001004581
1318,1001000012
1318,1002000028
1318,1003000094
1318,1004000160
1318,1005000226
1318,1006000292
1318,1007000358
1318,1009000474
1318,4001000550
1318,4001000616
1318,4005000833
1318,4007000916
1318,4015001341
1318,4017001463
1318,6002002186
1318,7001002363
1318,7004002475
1318,7005002496
1318,7007002591
1318,11001003074
1318,12002003248
1318,13002003478
1318,16001003746
1318,17001003808
1318,20006004058
1318,30001004582
1418,1001000013
1418,1002000029
1418,1003000095
1418,1004000161
1418,1005000227
1418,1006000293
1418,1007000359
1418,1009000475
1418,4001000551
1418,4001000617
1418,4005000834
1418,4007000917
1418,4015001342
1418,4017001464
1418,6002002187
1418,7001002364
1418,7004002476
1418,7005002497
1418,7007002592
1418,11001003075
1418,12002003249
1418,13002003479
1418,16001003747
1418,17001003809
1418,20006004059
1418,30001004583
1518,1001000014
1518,1002000030
1518,1003000096
1518,1004000162
1518,1005000228
1518,1006000294
1518,1007000360
1518,1009000476
1518,4001000552
1518,4001000618
1518,4005000835
1518,4007000918
1518,4015001343
1518,4017001465
1518,6002002188
1518,7001002365
1518,7004002477
1518,7005002498
1518,7007002593
1518,11001003076
1518,12002003250
1518,13002003480
1518,16001003748
1518,17001003810
1518,20006004060
1518,30001004584
1618,1001000015
1618,1002000031
1618,1003000097
1618,1004000163
1618,1005000229
1618,1006000295
1618,1007000361
1618,1009000477
1618,4001000553
1618,4001000619
1618,4005000836
1618,4007000919
1618,4015001344
1618,4017001466
1618,6002002189
1618,7001002366
1618,7004002478
1618,7005002499
1618,7007002594
1618,11001003077
1618,12002003251
1618,13002003481
1618,16001003749
1618,17001003811
1618,20006004061
1618,30001004585
